#fields	index	rw_pattern
0	*.covid
1	*.2spyware
2	*.vari
3	*.Zyr
4	*.AB89
5	*.xati
6	*.pandemic
7	*.Spade
8	*.cymcrypt
9	*.*.\[recoverydata@qbmail.biz\].data
10	*.oonn
11	*.0.cs
12	*.0.vb
13	*.djang0unchain3d
14	*.week
15	*.zes
16	.*AgeLocker
17	*.1dec
18	*.nef1lim
19	*.46orz
20	*@pm.me*
21	*.itunes
22	*.rgnk
23	*. tcwwasted
24	*.tcwwasted
25	*.ZaCaPa
26	*.id-*\[FileFixer@ProtonMail.com\].LOCKED
27	*.PPHL
28	*.tools_ensikology
29	*.*jalicry*
30	*.GlUtEzOn.VaNoLe
31	*.nile
32	*.MH24
33	*_out
34	*.silvertor
35	*.mechu4Po
36	*.Ieph0uxo
37	*.mnbzr
38	*.deadfiles
39	*.DECC
40	*.tcprx
41	*.RANDOM
42	*.xienvkdoc
43	*.kook
44	*.GARMINWASTED
45	*.erif
46	*.pstKll
47	*.\[sleepme134@gmail.com\]\[ID-*\].Void
48	*.eduransom
49	*.RE78P
50	*.Globeimposter-Alpha865qqz
51	*.spare
52	*.dwmapi
53	*.\[openpgp@foxmail.com\].pgp
54	*.GlobeimposterAlpha865qqz
55	*.bbawasted
56	*.*wasted_info
57	*.kuus
58	*.flowEncryption
59	*.homer
60	*.\[TorS@Tuta.Io\]
61	*.beijing
62	*.rlhwasted_info
63	*.FastWind
64	*.52pojie
65	*.rlhwasted
66	*.BNFD
67	*.(*dungeon*-0_0)
68	*.jwjs
69	*prnds
70	*CoronaCrypt*
71	*SpartCrypt*
72	*.VinDizelPux
73	*.GNS
74	*.AL8P
75	*.gyga
76	*.NHLP
77	*.lxhlp
78	*.felix
79	*.prnds
80	*.bmtf
81	*.sthd2
82	*.zbw
83	*.hacker_decryption@protonmail.ch
84	*.Drop
85	*.bado
86	*.XINOF
87	*.smpl
88	*.readme
89	*.repl
90	*.Try2Cry
91	*.repter
92	*.teamV
93	*.panther
94	*.SilentDeath
95	*.aris
96	*.maas
97	*.CryCryptor
98	*.wholocked
99	*.*wasted
100	*.encoded_PL
101	*.lolkek
102	*.id-*.\[databack2@protonmail.com\].dtbc
103	*.RABBIT
104	*.zida
105	*.support
106	*.KoxENy1Wq
107	*.id-*.\[Recovery@qbmail.biz\].credo
108	*.pykw
109	*.team
110	*._HE
111	*._HE._LP,
112	*.CRYPTBD
113	*.moba
114	*.crimson
115	*.jsus
116	*.CroNi.ZoNe
117	*.7303yt
118	*.gomer
119	*.Email=\[russiawolf09@gmail.com\]ID=\[*\].zip
120	*.EG83
121	*.id-*.\[savebase@aol.com\].base
122	*.\[dungeon\]-0_0
123	*.vawe
124	*.20dfs
125	*.r3f5s
126	*.mwahah*
127	*.usam
128	*.tabe
129	*.Badboy
130	*.ESCAL*
131	*.TELEGRAM
132	*.EG
133	*.coka
134	*.jpg.js*
135	*.origami
136	*.mwahahah
137	*.hck
138	*.nypd
139	*.thanos
140	*.zwer
141	*.CrYo
142	*.AG88G
143	*.ZRB
144	*.ElvisPresley
145	*wifi*hacker*
146	*.avdn
147	*.club
148	*.wch
149	*.nm8kci
150	*.kkll
151	*unluckyware*
152	*.dsec
153	*.SIGARETA
154	*.xdrop
155	*.BOMBO
156	*.hex911
157	*.VIVELAG
158	*.space
159	*.Fonix
160	*.nlah
161	*.unwa
162	*@*.banks*
163	*.eight
164	*.\[*\].bclaw
165	*.pezi
166	*.fuckunicorn*
167	*.vfcfocxph
168	*.fuckunicornhtrhrtjrj
169	*.bclaw
170	.111111
171	*.bang
172	*.id-*.\[paybit@aol.com\].payB
173	*.payB
174	*.corona-lock
175	*.biglock
176	*.covm
177	*.proL0ck
178	*.eking
179	*@rape.lol*
180	*.M0rphine
181	*.id-*.\[*@*\].NET
182	*.\[decryptadmin@protonmail.com\]\[ID-*\].Void
183	*.0day0
184	*.cxk
185	*.dodged
186	*.pr0Lock
187	*.xsmb
188	*.Zekwacrypt
189	*.ZeroFucks
190	*.Zenis
191	*.ZimbraCryptor
192	*.ZeroRansom
193	*.ZipLocker
194	*.Zoldon
195	*.ZQ
196	*.ZariqaCrypt
197	*.YouAreFucked
198	*.XYZWare
199	*.XCry
200	*.XTP
201	*.Wulfric
202	*.WonderCrypter
203	*.WinRarer
204	*.Winnix
205	*.WininiCrypt
206	*.WildFire
207	*.WhiteRose
208	*.WhatAFuck
209	*.Wesker
210	*.WannaSpam
211	*.WannaSmile
212	*.WannaPeace
213	*.WannaDie
214	*.WannaCry*
215	*.Waffle
216	*.Vurten
217	*.Vortex
218	*.VoidCrypt
219	*.VMola
220	*.VindowsLocker
221	*.ViACrypt
222	*.Venus
223	*.Venis
224	*.Vega
225	*.VaultCrypt
226	*.V8Locker
227	*.Uyari
228	*.UserFilesLocker
229	*.Useless
230	*.Unlock92
231	*.Unlock26
232	*.Unknown
233	*.UnblockUPC
234	*.Ungluk
235	*.UmbreCrypt
236	*.Ukash
237	*.UCCU
238	*.TurkStatik
239	*.TrumpLocker
240	*.TrueCrypter
241	*.Troldesh
242	*.Trojan.Encoder.6491
243	*.TowerWeb
244	*.TotalWipeOut
245	*.Torchwood
246	*.TheDarkEncryptor
247	*.TheDMR
248	*.TeslaWare
249	*.Teslarvng
250	*.TeslaCrypt
251	*.Termite
252	*.TellYouThePass
253	*.Telecrypt
254	*.Team XRat
255	*.T1Happy
256	*.SZFLocker
257	*.SystemCrypter
258	*.SyncCrypt
259	*.SynAck
260	*.SuperB
261	*.SunCrypt
262	*.Stupid
263	*.Striked
264	*.Storm
265	*.StorageCrypter
266	*.Stampado
267	*.SQ_
268	*.SpartCrypt
269	*.Spartacus
270	*.SoFucked
271	*.SNSLocker
272	*.Smrss32
273	*.SkyFile
274	*.Skull
275	*.SintaLocker
276	*.Simple_Encoder
277	*.SilentSpring
278	*.Sigma
279	*.Shujin
280	*.ShkolotaCrypt
281	*.ShivaGood
282	*.Shigo
283	*.ShellLocker
284	*.SFile
285	*.SerbRansom
286	*.Seon
287	*.ScareCrow
288	*.SatanCryptor
289	*.Sanctions
290	*.SamSam
291	*.Salsa
292	*.SADStory
293	*.Sadogo
294	*.SadComputer
295	*.SAD
296	*.Russian EDA2
297	*.Russenger
298	*.Ruby
299	*.RSAUtil
300	*.RSA2048Pro
301	*.RSA-NI
302	*.Roza
303	*.RotorCrypt
304	*.RoshaLock
305	*.Roga
306	*.REvil
307	*.RetMyData
308	*.RenLocker
309	*.RemindMe
310	*.Relock
311	*.Rektware
312	*.REKTLocker
313	*.RedBoot
314	*.RarVault
315	*.RaRansomware
316	*.RansomWarrior
317	*.RansomPlus
318	*.Ransomnix
319	*.RansomCuck
320	*.Rans0m
321	*.RanRan
322	*.Ranion
323	*.RandomLocker
324	*.Random6
325	*.Ragnar
326	*.Radiation
327	*.RackCrypt
328	*.RabbitFox
329	*.RAA-SEP
330	*.R980
331	*.QwertyCrypt
332	*.Quimera
333	*.QuakeWay
334	*.QP
335	*.qkG
336	*.PyLocky
337	*.PyL33T
338	*.PyCL
339	*.PwndLocker
340	*.PureLocker
341	*.PshCrypt
342	*.Protected
343	*.ProLock
344	*.Project57
345	*.Project34
346	*.PrincessLocker
347	*.Pr0tector
348	*.PPDDDP
349	*.PowerWare
350	*.PowerLocky
351	*.PopCornTime
352	*.PonyFinal
353	*.PoisonFang
354	*.Plague17
355	*.Pickles
356	*.PhoneNumber
357	*.Philadelphia
358	*.PhantomChina
359	*.PGPSnippet
360	*.PewCrypt
361	*.Petna
362	*.Pendor
363	*.PEC 2017
364	*.PClock
365	*.PaySafeGen
366	*.PayPalGenerator2019
367	*.Paymen45
368	*.Paradise
369	*.Ozoza
370	*.Ouroboros
371	*.Ordinypt
372	*.OpJerusalem
373	*.OpenToYou
374	*.OnyxLocker
375	*.Nyton
376	*.Nx
377	*.NullByte
378	*.Nuke
379	*.NSB
380	*.NotAHero
381	*.Nomikon
382	*.NMoreira
383	*.Nhtnwcuf
384	*.NextCry
385	*.NewHT
386	*.Netwalker
387	*.Netix
388	*.NETCrypton
389	*.Nemucod
390	*.NegozI
391	*.NCrypt
392	*.NanoLocker
393	*.n1n1n1
394	*.Mystic
395	*.MrDec
396	*.MoWare
397	*.MOTD
398	*.MorrisBatchCrypt
399	*.MoonCrypter
400	*.Montserrat
401	*.MongoLock
402	*.Mobef
403	*.MNS
404	*.Mischa
405	*.MireWare
406	*.MirCop
407	*.Minotaur
408	*.MindSystem
409	*.Meteoritan
410	*.Mespinoza
411	*.MegaLocker
412	*.Medusa
413	*.MCrypt2018
414	*.Maykolin
415	*.MauriGo
416	*.MarsJoke
417	*.MarraCrypt
418	*.Marlboro
419	*.Marduk
420	*.Maoloa
421	*.MalwareTech*
422	*.Magniber
423	*.MafiaWare
424	*.MAFIA
425	*.MadBit
426	*.LowLevel04
427	*.LoveServer
428	*.Lost_Files
429	*.Lortok
430	*.LooCipher
431	*.LonleyCrypt
432	*.LongTermMemoryLoss
433	*.LockTaiwan
434	*.LockerGoga
435	*.LockedByte
436	*.Locked-In
437	*.LockCrypt
438	*.LockBox
439	*.Lock2017
440	*.LMAOxUS
441	*.LLTP
442	*.LittleFinger
443	*.LightningCrypt
444	*.LambdaLocker
445	*.Ladon
446	*.L33TAF
447	*.KryptoLocker
448	*.Kriptovor
449	*.Krider
450	*.KratosCrypt
451	*.Kozy.Jozy
452	*.Kolobo
453	*.KokoKrypt
454	*.Kirk
455	*.KillRabbit
456	*.KillerLocker
457	*.KEYHolder
458	*.KeyBTC
459	*.Kerkoporta
460	*.KeRanger
461	*.KCW
462	*.KawaiiLocker
463	*.Kasiski
464	*.Karo
465	*.Karmen
466	*.Karma
467	*.Kaenlupuf
468	*.JungleSec
469	*.JuicyLemon
470	*.JosepCrypt
471	*.JoeGo
472	*.JobCrypter
473	*.JNEC.a
474	*.Jigsaw
475	*.Jemd
476	*.JeepersCrypt
477	*.JapanLocker
478	*.Jager
479	*.Jack.Pot
480	*.JabaCrypter
481	*.Ishtar
482	*.Iron
483	*.iRansom
484	*.InsaneCrypt
485	*.InfoDot
486	*.InfinityLock
487	*.InfiniteTear
488	*.InducVirus
489	*.Ims00ry
490	*.ILElection2020
491	*.IFN643
492	*.IEncrypt
493	*.HydraCrypt
494	*.Hydra
495	*.Hucky
496	*.HPE iLO
497	*.HolyCrypt
498	*.HollyCrypt
499	*.HKCrypt
500	*.HildaCrypt
501	*.HiddenTear
502	*.Heropoint
503	*.HelpDCFile
504	*.Help50
505	*.Hells
506	*.Heimdall
507	*.HDDCryptor
508	*.hc7
509	*.hc6
510	*.Halloware
511	*.Hakbit
512	*.HadesLocker
513	*.GX40
514	*.GusCrypter
515	*.GPGQwerty
516	*.GPCode
517	*.GPAA
518	*.Gorgon
519	*.GoRansom
520	*.Gomasom
521	*.GoldenEye
522	*.Golden Axe
523	*.GoGoogle
524	*.Globe3
525	*.GlobeImposter
526	*.Gibon
527	*.Gibberish
528	*.GhostHammer
529	*.GhostCrypt
530	*.GetCrypt
531	*.GermanWiper
532	*.Gerber
533	*.GC47
534	*.GandCrab2
535	*.GandCrab
536	*.Galacti-Crypter
537	*.FuxSocy
538	*.FunFact
539	*.FuckSociety
540	*.FS0ciety
541	*.FrozrLock
542	*.FreeMe
543	*.FLKR
544	*.Flatcher3
545	*.FindZip
546	*.FilesLocker
547	*.Fenrir
548	*.FenixLocker
549	*.FCT
550	*.FCP
551	*.Fadesoft
552	*.Fabiansomware
553	*.Extractor
554	*.Extortion Scam
555	*.Exocrypt XTC
556	*.ExecutionerPlus
557	*.Everbe*
558	*.Eternal
559	*.Estemani
560	*.Erica
561	*.Erebus
562	*.EnkripsiPC
563	*.Enjey Crypter
564	*.Encryptor RaaS
565	*.EncryptoJJS
566	*.EncryptedBatch
567	*.Enc1
568	*.El Polocker
569	*.EggLocker
570	*.EduCrypt
571	*.EdgeLocker
572	*.ECLR*
573	*.eCh0raix
574	*.eBayWall
575	*.DynA-Crypt
576	*.DVPN
577	*.DryCry
578	*.DriedSister
579	*.DoubleLocker
580	*.DoNotChange
581	*.Done
582	*.DoggeWiper
583	*.DMA Locker*
584	*.District
585	*.Dishwasher
586	*.DirtyDecrypt
587	*.DilmaLocker
588	*.Digisom
589	*.DeriaLock
590	*.Defray777
591	*.Defray
592	*.DEDCryptor
593	*.DecYourData
594	*.DecryptIomega
595	*.DeathRansom
596	*.DeathNote
597	*.DeathHiddenTear v2
598	*.DeathHiddenTear
599	*.Deadly
600	*.DCry 2.0
601	*.Dcrtr
602	*.DavesSmith
603	*.DataKeeper
604	*.DarkoderCryptor
605	*.Dablio
606	*.CXK-NMSL
607	*.CTB-Locker
608	*.CTB-Faker
609	*.CSP Ransomware
610	*.Crystal
611	*.CryPy
612	*.CryptXXX 4.0
613	*.CryptXXX 3.0
614	*.CryptXXX 2.0
615	*.CryptXXX
616	*.CryptoWire
617	*.CryptoWall 4.0
618	*.CryptoWall 3.0
619	*.CryptoWall 2.0
620	*.CryptoViki
621	*.CryptoTorLocker
622	*.CryptoShocker
623	*.CryptoRoger
624	*.CryptorBit
625	*.CryptoPokemon
626	*.CryptoPatronum
627	*.CryptoMix Wallet
628	*.CryptoMix Revenge
629	*.CryptoMix
630	*.CryptoLuck
631	*.CryptoLocky
632	*.CryptoLockerEU
633	*.CryptoLocker3
634	*.CryptoJacky
635	*.CryptoHitman
636	*.CryptoHasYou
637	*.CryptoGod
638	*.CryptoFortress
639	*.CryptoFinancial
640	*.CryptoDevil
641	*.CryptoDefense
642	*.CryptInfinite
643	*.CryptFuck
644	*.CryptConsole3
645	*.CryptConsole
646	*.Crypt0r
647	*.Crypt0L0cker
648	*.Crypt0
649	*.Crypren
650	*.CrypMic
651	*.CryLocker
652	*.CryFile
653	*.Cryakl
654	*.Cripton7zp
655	*.CreamPie
656	*.CradleCore
657	*.Cr1ptT0r
658	*.Cossy
659	*.CorruptCrypt
660	*.CoronaVirus
661	*.Comrade Circle
662	*.Clouded
663	*.CoinVault
664	*.Coin Locker
665	*.CockBlocker
666	*.CmdRansomware
667	*.ClicoCrypter
668	*.ChineseRarypt
669	*.ChinaYunLong
670	*.Chimera
671	*.ChernoLocker
672	*.CerberTear
673	*.Cancer
674	*.id\[*-*\].\[decphob@tuta.io\].eking
675	*.DoppelPaymer
676	*.Bucbi
677	*.Bubble
678	*.BTCamant
679	*.Brazilian Ransomware
680	*.Booyah
681	*.BoooamCrypt
682	*.Blue Blackmail
683	*.Blooper
684	*.BlockFile12
685	*.Blind 2
686	*.Blackout
687	*.BlackKingdom
688	*.BlackHeart
689	*.Black Shades
690	*.Black Feather
691	*.BKRansomware
692	*.Bitshifter
693	*.BitPyLock
694	*.Bitpaymer
695	*.BitCryptor
696	*.BitCrypt 2.0
697	*.BitCrypt
698	*.Bisquilla
699	*.BigBobRoss
700	*.BetaSup
701	*.BB Ransomware
702	*.Basilisque Locker
703	*.Bart v2.0
704	*.BandarChor
705	*.BadRabbit
706	*.BadEncript
707	*.BadBlock
708	.restoreserver
709	*.g8R4rqWIp9
710	*.C4H
711	*.cashdashsentme@protonmail.com
712	*.cov19
713	*.rbs
714	*.C1H
715	*.paradox
716	*.qensvlcbymk
717	*.6be31
718	*.koti
719	*.B2DR
720	*.aZaZeL
721	*.AxCrypter
722	*.AWT
723	*.Avest
724	*.AVCrypt
725	*.AutoWannaCryV2
726	*.AutoLocky
727	*.Atchbo
728	*.Ataware
729	*.ASN1 Encoder
730	*.Arsium
731	*.ArmaLocky
732	*.Argus
733	*.AresCrypt
734	*.ApolloLocker
735	*.ApocalypseVM
736	*.Apocalypse (New Variant)
737	*.Apocalypse
738	*.Anubis
739	*.AnteFrigus
740	*.Annabelle 2.1
741	*.AngryDuck
742	*.Anatova
743	*.Amnesia2
744	*.Alpha
745	*.Alma Locker
746	*.Alfa
747	*.mzlq
748	*.zeronine
749	*.lock2bits
750	*.kupidon
751	*.Lion
752	*.Al-Namrood
753	*.Afrodita
754	*.AES256-06
755	*.AES-Matrix
756	*.AES_KEY_GEN_ASSIST
757	*.AdamLocker
758	*.ACCDFISA v2.0
759	*.ABCLocker
760	*.7ev3n
761	*.HaCk
762	*.24H Ransomware
763	*.4rw5w
764	*.0kilobypt
765	*.vcrypt
766	*.id-*.\[neural.net@tuta.io\].NET
767	*.\[ID-*\]-\[EMAIL-M0rphine@cock.li\].M0rphine
768	*.CrYo.TeOnS
769	*.sqpc
770	*.NEMTY_AJORCUS
771	*.trix
772	*.xraw
773	*.\[Hichkasam@protonmail.com\]\[ID-*\].Void
774	*.id-*.\[Helpsir@rape.lol\].LOL
775	*.zemblax
776	*.Zv7uN
777	*.projectzorgo
778	*.OFFWHITE
779	*.Id-*.\[filerestory@gmail.com\].Crypto
780	*.8be1
781	*.mpal
782	*.GEnc
783	*.geminis3
784	*.pigzqbqnvbu
785	*.carlos
786	*.myblacksun@tuta.io
787	*.rjali@protonmail.ch
788	*.id-*.\[im.online@aol.com\].love$
789	*.love$
790	*.jyqji
791	*.qewe
792	*.id\[*-2589\].\[backup.iso@aol.com\].iso
793	*.lote
794	*.EAIJTP
795	*.builder
796	*.dec
797	*.worcservice@protonmail.ch
798	*.Boruta
799	*.dop
800	*.serpom
801	*.revon
802	*.likud
803	*.CoronaLock
804	*.corona
805	*.*_RSA
806	*.azor
807	*.lezp
808	.KEY0004
809	.dec
810	*.LSOBKMHG
811	*.0D34E0
812	.arrepiante
813	.SARS-CoV-2
814	*.ahegao
815	*.WannaRen
816	*.mbit
817	*.Void
818	*.rhino
819	*.creepy
820	*.eject
821	*.KEY0004
822	*.SARS-CoV-2
823	*.lalo
824	*.Sister
825	*.Cruel
826	*.bukyak
827	*.mpaj
828	*.~~~~
829	*.id-*.\[*\].ccd
830	*.id\[*\].\[*\].revon
831	*.JOPE
832	*.encS
833	*.id-*.\[supermetasploit@aol.com\].MSPLT
834	*.NEMTY_VQLGC72
835	*.ZyNoXiOn
836	*.Email=\[*\]ID=\[*\].Boruta
837	*.id-*.\[bitcoin@email.tg\].ncov
838	*.rogue
839	*.shinya
840	*.encryptedbyBB
841	*.jest
842	*.NEPHILIM
843	*.fcfceee
844	*.miblqugb
845	*.\[*\].\[*\].makop
846	*.mado
847	*.yakuza
848	*.KENS@TUTA.IO
849	*.P4WN3D
850	*.opqz
851	*.KEKW
852	*.njmhqbxu
853	*.\[*\].yakuza
854	*.\[*\].\[*\].shootlock
855	*.npsk
856	*.C-VIR
857	*.lO8s42
858	MZReverenge*
859	*.petruk
860	*.makop
861	*Rec0very*
862	*.iqy
863	*.remk
864	*FDFK*INFO*
865	*.CULEX
866	*.NEFILIM
867	*.\[*\].teslarvng
868	*.ako
869	*.HR
870	*.horseleader
871	*.MZR
872	*.javalocker
873	*.javaencrypt
874	*.daaefc
875	*.voyager
876	*.uk6ge
877	*.ravack
878	*.a6f2t
879	*.foop
880	*.lokd
881	*.CNMHR
882	*.id-*.\[*\].rxx
883	*.FDFK
884	*.vash
885	*.kir
886	*.bigdata
887	*.id\[*\].*.dewar
888	*.anon000
889	*.rezm
890	*.YKUP
891	*.sepsys
892	*.CryptoDarkRubix
893	*.DEMON
894	*.China
895	*.Tsar
896	*.pxj
897	*.pwnd
898	*.brick
899	*.jerry_glanville_data@aol.com
900	*.ragnar_*
901	*.\[paymentbtc@airmail.cc\].Deniz_Kizi
902	*.0x6A0C8
903	*.\[*\].\[test@test.tst\].test
904	*.\[paymentbtc@yahoo.com\].Deniz_Kizi
905	*.\[*\].\[buydecryptor@cock.li\].makop
906	*.mew767
907	*.encryptedL
908	*.networkmaze
909	*.coom
910	*.nppp
911	*.mool
912	*.encryptedS
913	*.iwanttits
914	*.sfile2
915	*.Ouchachia
916	*.id-*.\[black@gytmail.com\].self
917	*.id\[*-2423\].\[jewkeswilmer@aol.com\].deal
918	*.ncov
919	*.blend
920	*.rajar
921	*.Rentyr
922	*.mmnn
923	*.ooss
924	*.cripto
925	*.*.firex3m
926	*.id-*.\[coronavirus@qq.com\].ncov
927	*.id\[*-2720\].\[mr.helper@qq.com\].dewar
928	*.rooe
929	*.*.*.WHY
930	*.*.*.dewar
931	*.ONIX
932	*.egmwv
933	*.btHTIb
934	*.*.parrot
935	*.razor
936	*.#ransomwared
937	*.egmwvm
938	*kremez*
939	*.AnubisCrypt
940	*.desucrpt
941	*.bboo
942	*.moncrypt
943	*.bhacks
944	*.hellomynameisransom
945	*.RYK!
946	*.midwestsurinc
947	*.eaaeee
948	*.Devos
949	*.CONTI
950	*.abarcy
951	*.Email=\[MasterFile001@protonmail.com\]ID=\[*\].sorena
952	*.Iexei8bo
953	*.id\[*\].\[2183313275@qq.com\].Devos
954	*.id-*.\[stopen@firemail.cc\].stop
955	*.id-*.\[grdoks@tutanota.com\].rajar
956	*.ragnar_44027CDE
957	*.heronpiston
958	*.himr
959	*.happythreechoose
960	*.lockbit
961	*.adv
962	*.abiyq
963	*.lasan
964	*.Huy
965	*.alka
966	*.repp
967	*.R2D2
968	*.ENCRYPTED_RSA
969	*.live
970	*.Email=\[Honeylock@protonmail.com\]ID=\[*\].odveta
971	*.id-*.\[05250lock@tutamail.com\].*
972	*.*.\[lucky_top@protonmail.com\].Devos
973	*.cryptopatronum@protonmail.com.enc
974	*.npsg
975	*.un1que
976	*.2NEW
977	*.ragnarok
978	*.btos
979	*.wrar
980	*.*.\[help.me24@protonmail.com\].Z9
981	*.TRSomware\[is_back__New-Algorithm__By_MaMo434376\]
982	*.*.\[theblackarrow@tuta.io\].devil
983	*.al1b1nal1
984	*.devon
985	*.fmk-ta3-7ym
986	*.locker16
987	*.nlocker
988	Ransom*Software*.exe
989	*.topi
990	*.reha
991	*.rams1
992	*.vacv2
993	*.stub
994	*.nosu
995	*.kodc
996	*.payload
997	*.sivo
998	*.picocode#8523
999	*.id-467C780C.\[bitlocker@foxmail.com\].wiki
1000	*.ebal
1001	*.njkwe
1002	*.2heRi1
1003	*.missing
1004	*.Deniz_kizi
1005	*.rag2hdst
1006	*.id\[*-2261\].\[kusachi@cock.li\].Adair
1007	*.hj36MM
1008	*.id-*.\[sumpterzoila@aol.com\].harma
1009	*.bitpy
1010	*.5ss5c
1011	*.\[nochanse@tuta.io\].aleta
1012	*.horsedeal
1013	*.ADHUBLLKA
1014	*.ekans
1015	*.grinch
1016	*.jenkins
1017	*.Indonesia.Cyborg
1018	*.Mkos
1019	*.Cl0p
1020	*.c0hen
1021	*.happy new year
1022	*.DMR
1023	*.somik1
1024	*.bablo
1025	*.2DA-1FF-401
1026	*.clown+
1027	*.slank
1028	*.BDDY
1029	*.cuba
1030	*.WannaScream
1031	*.*.\[decryptfiles@qq.com\].Devon
1032	*.devil
1033	*.\[*\]\[getdataback22@protonmail.com\].AWT
1034	*.id\[*-2396\].\[theonlyoption@qq.com\].Caleb
1035	*.RIDIK
1036	*.icyoaezi
1037	*.dohfzdod
1038	*.zeoticus
1039	*.id\[*-2542\].\[bexonvelia@aol.com\].Dever
1040	*.charmant
1041	*.help.Ransom
1042	*.REBL
1043	*.wiki
1044	*.piny
1045	*.redl
1046	*.id-*.\[admin@spacedatas.com\].ROGER
1047	*.parad1gm
1048	*.Tor+
1049	.dglnl
1050	.ohwqg
1051	.googl
1052	*.59d49
1053	*.Horriblemorning
1054	*.support@anonymous-service.cc.ppdddp
1055	Unusual
1056	*.SaveTheQueenING
1057	*.\[ponce.lorena@aol.com\]
1058	*.*.\[prndssdnrp@mail.fr\].deuce
1059	*.zeppelin
1060	*.nbes
1061	*.Deniz_Kızı
1062	*.id-*.\[asdbtc@aol.com\].asd
1063	*.NEMTY_VFRLXV9
1064	*.ROGER
1065	*.id-*.\[MerlinWebster@aol.com\].harma
1066	*.bobelectron
1067	*.pysa
1068	*.chch
1069	*.MZ434376
1070	.hets
1071	*.Email=\[luciferenc@tutanota.com\]ID=\[*\].odveta
1072	*.Sifrelendi
1073	*.redrum
1074	*.DMR64
1075	*.id-*.\[moncler@tutamail.com\].redrum
1076	*.TMS5
1077	*.encrypted_backup
1078	*.gesd
1079	*.Rooster865qqZ
1080	*.merl
1081	*.MZ173801
1082	*.MaMo434376
1083	*.righ
1084	*.SpartCript
1085	*.b78vi7v6ri66b
1086	*.hets
1087	*.msop
1088	*.id-*.\[backdata.company@aol.com\].ROGER
1089	*.p3d374
1090	*.*.\[helpnetin@protonmail.com\].com
1091	.KRAB
1092	*.id\[*\].\[backcompanyfiles@protonmail.com\].Calum
1093	*.TR
1094	*.MMTeam
1095	*.mapo
1096	*.wvtr0
1097	*.BB4-230-*
1098	*.SaveTheQueen
1099	*.\[crypto7892@gmx.de\].crypto
1100	*.wasted
1101	*.yarraq
1102	*.id\[*-2465\].\[keysfordecryption@airmail.cc\].Calum
1103	*.Calum
1104	*.ciphered
1105	*.*.\[kenny.sarginson@aol.com\].deal
1106	*.zobm
1107	*.2048
1108	*.KAxoAgY
1109	*.*.\[decrypt@files.mn\].angus
1110	*.cr1
1111	*.ninja
1112	*.SySS
1113	*.kr
1114	*.verschlüsselt
1115	*qibfmkeM5*
1116	*Instraction*
1117	*qweasd*
1118	*@sectex*net*
1119	*@cock.lu*
1120	*.COCKROACH
1121	*.nytom
1122	*.nvram
1123	*.grupothermot3k
1124	*.wctc
1125	*.id-*.\[teammarcy10@cock.li\].kharma
1126	*.mbed
1127	*.jbptlio
1128	*.grod
1129	*.NEMTY_VFFXXXX
1130	*.id\[*-2495\].\[agent5305@firemail.cc\].age
1131	*.nhHtFWV
1132	*.kodg
1133	*.VIRUS
1134	USPS_Delivery.doc
1135	*.abcd
1136	.cr1
1137	*.jc
1138	*.\[ID\]*\[ID\]Look
1139	*.ReadTheInstructions
1140	*.peet
1141	*.ABCDEF
1142	*.raldge
1143	*.id-.\[hmdjam@protonmail.com\].harma
1144	*.id-.\[clifieb@tutanota.com\].nvram
1145	*.gоod
1146	*.0riz0n
1147	*.id\[*-2497\].\[octopusdoc@mail.ee\].octopus
1148	*.Rooster865qq
1149	*.46d7k
1150	*.GodLock
1151	*.NEMTY_*
1152	*.sr0yz
1153	*.m3g4c0rtx
1154	*.ex_parvis@aol.com.AIR
1155	*.octopus
1156	*.7jo22z5m
1157	*.lokf
1158	*.mosk
1159	*.mailto\[2Hamlampampom@cock.li\].82a80
1160	*.3v3r1s
1161	*.toec
1162	*.meka
1163	*.petra
1164	*.id-.\[hobbsadelaide@aol.com\].harma
1165	*.g0h8iwj
1166	*.Elder
1167	*.ccryptor
1168	*.sorryforthis
1169	*.sanders4!
1170	*.safe
1171	*.decrypme
1172	*.bot!
1173	*.nakw
1174	*.id-*.\[admin@sectex.net\].bot
1175	*.bot
1176	*.\[cockroach@cock.lu\].COCKROACH
1177	*.*locker*
1178	*.Lazarus+!
1179	*.id\[*-2387\].\[gruzudo@cock.li\].Barak
1180	svchostt.exe
1181	*.newlock
1182	*.breakingbad
1183	*.boroff
1184	*.\[daves.smith@aol.com\]
1185	*.hdmr
1186	*.encryptd
1187	*.JayTHL
1188	*.derp
1189	*.info@sharebyy\[dot\]com
1190	*.info@mymail9\[dot\]com
1191	*.skynet
1192	*.sapphire
1193	*.bguu
1194	*.tgmn
1195	*.Prt6aV9
1196	*.yq75w627
1197	*.kiss
1198	*.mockba
1199	*.coot
1200	*.acuna
1201	*.cxkdata
1202	*.id-*.\[bitlocker@foxmail.com
1203	*.werd
1204	*.sun
1205	*ABAT*INFO*.*
1206	*.calix
1207	!how_to_unlock_your_file.txt
1208	*.nols
1209	*.masked
1210	*.hackdoor
1211	*.money
1212	*.id\[*-2266\].\[decryptbox@airmail.cc\].Adair
1213	*.Angus
1214	*.Caley
1215	*.CASH
1216	*@files.mn*
1217	*structsstructs*
1218	structsstructs.exe
1219	FACT. 8-9-1278104.doc
1220	FA_HLEH3S83AO22WO.doc
1221	*.bora
1222	*.proced
1223	*.id\[*-*\].\[butters.felicio@aol.com\].deal
1224	*.bwall
1225	*RANSOMED*
1226	msptermthemes.exe
1227	*.mike
1228	*.PO1HG
1229	*.odveta
1230	*.id-*.\[admin@fentex.net\].money
1231	*.\[patern32@protonmail.com\].omerta
1232	*.id\[*-2275\].\[checkcheck07@qq.com\].Adame
1233	*.CRYZP
1234	*.509a49
1235	*.clean
1236	*.veracrypt
1237	*.leto
1238	*.cobain
1239	hacked.txt
1240	*msptermthemes*
1241	!!!Readme!!!Help!!!.txt
1242	*.onx
1243	*.deal
1244	*ENCx45cR*
1245	*.reco
1246	*.m3ga*
1247	*.m3ga
1248	*.ABAT
1249	*.noos
1250	*.badutclowns
1251	*.D00mEd
1252	*.VIVAL
1253	*.xoza
1254	*.scrcrw
1255	.mike!Ransom
1256	*.Lost_Files_Encrypt
1257	*.muhstik
1258	*.omnisphere
1259	*.kuub
1260	*.Athena865
1261	*.FTCODE
1262	.kuub
1263	*.badday
1264	*.id\[*-2423\].\[hanesworth.fabian@aol.com\].dealemail
1265	*.id\[*-*\].\[lockhelp@qq.com\].acute
1266	*.LOCKED_PAY
1267	#DECP_README#.rtf
1268	*.m3gac0rtx
1269	*.id\[*-2425\].\[*n*@cock.li\].Caley
1270	*@tfwno.gf*
1271	*.id\[*-1075\].\[lewisswaffield.a@aol.com\].help
1272	*.Email=\[jacdecr@tuta.io\]ID=\[*\].KRONOS
1273	*.KRONOS
1274	*.id\[*-1161\].\[member987@tutanota.com\].actin
1275	*tflower*
1276	*.DECP
1277	*.nesa
1278	*.Artemis
1279	HILDACRYPTReadMe.html
1280	*.kci0n
1281	*.shade8
1282	*.pack14
1283	GoRansom.txt
1284	*.id\[*-2416\].\[restorebackup@qq.com\].Caley
1285	*.id\[*-2315\].\[decrypt@files.mn\].Banks
1286	*.LonleyEncryptedFile
1287	*.karl
1288	*.id_*_.YOUR_LAST_CHANCE!
1289	*.id-*.\[payday@tfwno.gf\].html
1290	*.id-*.\[adm15@pr…
1291	*.id-*.\[btcdecoding@qq.com\].dqb
1292	*.id\[*-1135\].\[walletwix@aol.com\].actin
1293	*.id\[*-2242\].\[Ke…
1294	*.id\[*-2275
1295	*.id\[*-2275\].\[supportcrypt2019@cock…
1296	*.id-*.\[mr.hacker@tutanota.com\].USA
1297	*.id\[*-2300\].\[crysall.g@aol.com\].banjo
1298	*.id\[*-*\].\[wewillhelpyou@qq.com\].adage
1299	*.id\[*-2275\].\[raynorzlol@tutanota.com\].Adame
1300	*.\[ID=*2uJ\]\[Mail=letitbedecryptedzi@gmail.com\].Lazarus
1301	*.\[ID=*\]\[Mail=unlockme123@protonmail.com\].Lazar
1302	*.id\[*-2252\].\[eccentric_inventor@aol.com\].adage
1303	*.id-*6.\[3442516480@qq.com\].pdf
1304	*.id\[*-2325\].\[zax4444@qq.com\].Banta
1305	*.id-*.\[backdatacompany@aol.com\].html
1306	*.id\[*-2275\].\[recovermyfiles2019@thesecure.biz\].Adame
1307	*.id-*.\[vip76@protonmail.com\].html
1308	*.id-*.\[bitcoin1@foxmail.com\].harma
1309	*.id\[*-2299\].\[britt.looper@aol.com\].phoenix
1310	*.id-*.\[veracrypt@foxmail.com\].adobe
1311	*.id\[*-2394\].\[adagekeys@qq.com\].Caleb
1312	*.id-*.\[partfile@airmail.cc\].com
1313	*.id-*.\[karlosdecrypt@outlook.com\].KARLS
1314	*.id\[*-2345\].\[recoverdata@cock.li\].Banta
1315	*.id-*E6.\[3442516480@qq.com\].pdf
1316	!_Notice_!.txt
1317	chilli.exe
1318	decoder.hta
1319	delog.bat
1320	*.gore
1321	*.id-*.\[3442516480@qq.com\].pdf
1322	*.\[ID\]*\[ID\]
1323	*.id-*.\[Harmahelp73@gmx.de\].harma
1324	*.PAY
1325	*.lfv77az
1326	*.Barak
1327	*.YDHM
1328	*.domn
1329	*.guarded
1330	*.619-300-6500
1331	*.fuXcF
1332	*.id\[C4BA3647-2299\].\[britt.looper@aol.com\].phoenix
1333	*.HCY!!
1334	*.kvag
1335	*.Erenahen
1336	*.Timestamp
1337	*.medsv162
1338	*.hermes837
1339	*.n3xtpharma
1340	*.alanwalkergod@protonmail.com
1341	*._NEMTY_BTKid9H_
1342	*.id-C4BA3647.\[fox5sec@aol.com\].cmd
1343	*.\[rans0me@protonmail.com\].b00m
1344	*.1ywsmbo4
1345	*.b00m
1346	*.moka
1347	*.peta
1348	*.BANKS
1349	*.group
1350	*.biz
1351	*.shariz
1352	*.Zeropadypt
1353	*.zorin
1354	*.Apollon865
1355	*.lbkut
1356	*.id\[C4BA3647-2301\].\[hanesworth.fabian@aol.com\].banjo
1357	*.ckey(RandomID).email(data1992@protonmail.com).pack14
1358	*.id\[C4BA3647-2250\].\[wewillhelpyou@qq.com\].adage
1359	*.ckey(oK5WFfTq).email(data1992@protonmail.com).pack14
1360	*.HILDA
1361	*.id\[6AB8ABF5-2346\].\[limboshuran@cock\].banta
1362	*.WAITING
1363	*._NEMTY*
1364	*.id-502F1F51.\[mstr.hacker@protonmail.com\].KICK
1365	*.dbger
1366	*.BORISHORSE…
1367	*.STOPDATA
1368	*.promoks
1369	*.banta
1370	*.tanos
1371	*.cetori
1372	*.geno
1373	*.try
1374	*.hese
1375	*.O67NG
1376	*.carote
1377	*.686l0tek69
1378	686l0tek69-HOW-TO-DECRYPT.txt
1379	*.gero
1380	*.makkonahi
1381	ryukreadme.html
1382	*.\[gustafkeach@johnpino.com\].ad
1383	*.lbiaf6c8
1384	*.nemty
1385	*.stare
1386	SGUARD-README.TXT
1387	*.sguard
1388	*.Qtyu8vH5wDXf6OSWAm5NuA==ObcK
1389	*.ObcKIn
1390	*.Lazarus
1391	. vesrato
1392	*.masodas
1393	*.vesrato
1394	*.nuksus
1395	.KARLOS
1396	*.pedro
1397	*.id\[********-1161\].\[member987@tutanota.com\].actin
1398	*.{25BF1879-A2DC-B66A-3CCC-XXXXXXXXXXXX}
1399	*.\[mr.yoba@aol.com\].yoba
1400	*.{Help557@gmx.de}.exe
1401	*.id_*********_.WECANHELP
1402	*.\[grethen@tuta.io\]
1403	*.2k19
1404	*.nacro
1405	*.Horse4444
1406	*.Tiger4444
1407	*.nasoh
1408	*.coharos
1409	*.mtogas
1410	*.krusop
1411	*.partially.cryptojoker
1412	*.id\[C4BA3647-2271\].\[worldofdonkeys@protonmail.com\].BORISHORSE
1413	*.\[ID-\]\[\].JSWRM
1414	*.BORISHORSE
1415	*.OQn1B
1416	*.rjzR8
1417	*.londec
1418	*.AVco3
1419	*.08kJA
1420	*.Hermes666
1421	*.Acton.id\[1AE26935-1085\].\[hadleeshelton@aol.com\].Acton
1422	*.auw2w2g0
1423	*.megacortex
1424	*.id\[RandomIP\].\[bron_lynn@aol.com\].help
1425	*.Prandel
1426	*.zatrov
1427	*.Wx7A6
1428	*.syrk
1429	*.brusaf
1430	*.masok
1431	*.junior
1432	*.lotej
1433	*.Novosof
1434	*.sinopal
1435	*@cumallover.me*
1436	*.com2
1437	*.emsisosisoft
1438	*.daris
1439	NEWS_INGiBiToR.txt
1440	*.GRANIT
1441	*.rsalive
1442	*.format
1443	*.bgCIb
1444	*.cosakos
1445	*.nvetud
1446	*.kovasoh
1447	*.nelasod
1448	*.tsv
1449	*.Acuf2
1450	*.mogranos
1451	*.si…
1452	*.Hades666
1453	GNNCRY_Readme.txt
1454	*RT4BLOCK
1455	*.prus
1456	*.a800
1457	*.c300
1458	payload.dll
1459	HOW-TO-DECRYPT-FILES.HTM
1460	*.{XXXXX-EFEE-6C04-D2DC-A9EFA812DD11}!
1461	*.LOVE
1462	\[*\]-HOW-TO-DECRYPT.txt
1463	#_#ReadMe#_#.rtf
1464	x5gj5_gmG8.log
1465	*.litra
1466	*.TROLL
1467	*.lalabitch
1468	*.ntu
1469	*.TABGH
1470	*.banjo
1471	*.ntuseg
1472	*.\[epta.mcold@gmail.com\]
1473	*.btchelp@xmpp.jp
1474	*.ndarod
1475	*.sambo
1476	*.WALAN
1477	*.limbo
1478	*.actor
1479	*.bk666
1480	*.azero
1481	.plomb
1482	*.AYE
1483	.id-*.\[*@*\].air
1484	*.id-*.\[*@*\].*
1485	*.rencrypted
1486	*.MDRL
1487	*.btix
1488	*.dodoc
1489	*.bopador
1490	*.novasof
1491	.bxtyunh
1492	*.ERIS!
1493	*.lilocked
1494	*.haka
1495	*.Persephone666!
1496	*.megac0rtx
1497	*.Hades666!
1498	.zerofucks
1499	*.darus
1500	*.lurk
1501	*.{XXXXXXX-588E-7D5B-AED1-2CD51808DE12}
1502	*.madekv120
1503	*.sfs
1504	*.todar
1505	*.lapoi
1506	*.madek
1507	*.gusau
1508	*.diller13
1509	*.gehad
1510	*.vusad
1511	*.berosuce
1512	*.budak
1513	*.Adame
1514	*.YOUR_LAST_CHANCE
1515	_RESTORE FILES_.txt
1516	*.\[Kromber@tutanota.com\]
1517	*.SKYSTARS
1518	*.godes
1519	*.herad
1520	HOW_TO_DECRYPT.txt
1521	*.Pox
1522	*.mo7n
1523	*.shelbyboom
1524	.megac0rtx
1525	.\[ogorman.linoel@aol.com\].help
1526	*.basilisque@protonmail_com
1527	*.cizer
1528	*.dqb
1529	*.ExpBoot
1530	*.ExpBoot!
1531	*.CROWN!\?
1532	*.o$l
1533	*.CROWN
1534	*.WHY…
1535	*.61yhi
1536	*.Acton
1537	*.cezor
1538	*.upd9ykc65v
1539	*.KICK
1540	*.popoticus
1541	*.lokas
1542	*.cs16
1543	*.wav_list
1544	*.cxk_nmsl
1545	*.boooam@cock_li
1546	*.actin
1547	*.besub
1548	*.CAGO
1549	*.litar
1550	*.isolated
1551	*.dcom
1552	*.alilibat
1553	*.Freezing
1554	*.acute
1555	*.1500dollars
1556	*.chekyshka
1557	*.popotic
1558	*.nusar
1559	*.craftul
1560	*.beets!Ransom
1561	*.lotep
1562	*.adage
1563	*.truke
1564	*.Amigo
1565	*.dmo
1566	*.cbs0z
1567	*.dalle
1568	*.hccapx
1569	*.WALAN,
1570	*.cap
1571	*.litra!Sample
1572	*.TROLL,
1573	*.neras
1574	*.DOCM!Sample
1575	*.COPAN
1576	*.middleman2020
1577	*.lcphr!Ransom
1578	*.lcphr
1579	.6vr378txi
1580	*.orion
1581	*.crypted!Sample
1582	*.bliun
1583	*.poof
1584	*.0day
1585	*.horon
1586	*.poop
1587	*.vesad
1588	*.zoh
1589	*.jsworm
1590	JSWORM-DECRYPT.hta
1591	*.gerosan
1592	*.muslat
1593	*.boston
1594	*.myskle
1595	*.pidom
1596	*.euclid
1597	*.heroset
1598	*.pidon
1599	*.kjh
1600	*.ERIS
1601	*.robbinhood
1602	*.\[frazeketcham@cnidia.com\].eth.hv88g2
1603	*.SONIC
1604	*.luboversova148
1605	*.lanset
1606	*.redmat
1607	*.dodger
1608	*.stone
1609	*.3674AD9F-5958-4F2A-5CB7-F0F56A8885EA
1610	*.harma
1611	*.\[randal_inman@aol.com\].help
1612	*.rezuc
1613	*.2du1mj8
1614	*.FEROSUS
1615	*.hjgdl
1616	*.2k19sys
1617	*.mogera
1618	*.Hermes
1619	*.skymap
1620	*.\[lockhelp@qq.com\].gate
1621	*.legacy
1622	*.datun
1623	*.rectot
1624	les#.TXT
1625	*.les#
1626	*.EZDZ
1627	*.open_readme.txt.ke3q
1628	*.ke3q
1629	*.ONYC
1630	*.NHCR
1631	*ymayka-email@yahoo.com.cryptotes
1632	*.\[Enigma1crypt@aol.com\].ETH
1633	*.\[DonovanTudor@aol.com\].bat
1634	*.\[SSSDKVNSDFITD\]
1635	*.Pig4444
1636	*.bmn63
1637	*.\[bitcharity@protonmail.com\].com
1638	*.\[costelloh@aol.com\].phoenix
1639	*\[remarkpaul77@cock.li\].JSWORM
1640	*.\[crypt1style@aol.com\].MERS
1641	*.n7ys81w
1642	*.jack
1643	*.ge010gic
1644	*.codnet1
1645	.codnat1
1646	*.codnet
1647	.codnat
1648	*.ferosas
1649	RESTORE_HCEEM_DATA.txt
1650	READ_ME.mars
1651	*.hceem
1652	*.vally
1653	*.mars
1654	Instructions with your files.txt
1655	*.refols
1656	*.carcn
1657	*.yum
1658	_CRYPTED_README.html
1659	*.ms13
1660	*.grovat
1661	ReadME-Prodecryptor@gmail.com.txt
1662	*.Mira
1663	*.Prodecryptor
1664	*.+jabber-theone@safetyjabber.com
1665	*.hrosas
1666	!QH24_INFO!.rtf
1667	*.QH24
1668	*.bkc
1669	*.mers
1670	*.wal
1671	*.recry1
1672	*.qbix
1673	*.aa1
1674	*.zoro
1675	Инструкция по расшифровке.TXT
1676	*.kes$
1677	*.condat
1678	*.dotmap
1679	*.4k
1680	*.ge0l0gic_readme.txt
1681	*.mamba
1682	*.ge0l0gic
1683	*.ddos
1684	Locked.*
1685	.PLUT
1686	.jack
1687	HowToBackFiles.txt
1688	DECRYPT-FILES.html
1689	*.non
1690	!!!INSTRUCTION_RNSMW!!!.txt
1691	*.drweb
1692	*.qbtex
1693	*.yG
1694	*.radman
1695	*.\[epta.mcold@gmail.com\],
1696	!INSTRUCTI0NS!.TXT
1697	*.666decrypt666
1698	*Decryptoroperator@qq.com
1699	*.ztsysjz
1700	*.lockhelp@qq.gate
1701	Decryptyourdata@qq.com
1702	*.\[w_unblock24@qq.com\].ws
1703	\[Lockhelp@qq.com\].Gate
1704	*.GGGHJMNGFD
1705	*.OOOKJYHCTVDF
1706	.eth
1707	*.PLUT
1708	*.bufas
1709	*.codnat1
1710	*.codnat
1711	*.fordan
1712	*.\[blellockr@godzym.me\].bkc
1713	.nampohyu
1714	*.berost
1715	*.forasom
1716	*.{Killback@protonmail.com}KBK
1717	*.fedasot
1718	*.\[staRcRypt@tutanota.com\].omerta
1719	*.sarut
1720	*.Navi
1721	*.dutan
1722	*.aes128ctr
1723	*.roldat
1724	*.hofos
1725	*.cheetah
1726	*.todarius
1727	*.FREDD
1728	*.Kiratos
1729	*.enc_robbinhood
1730	*.jzphmsfs
1731	*.\[zoro4747@gmx.de\].zoro
1732	*.verasto
1733	READ_ME.cube
1734	*.sambo,
1735	HELP_BY_CROC.TXT
1736	*.LDPR
1737	warning.txt
1738	*.guesswho
1739	*.moresa
1740	*.burn
1741	*.robinhood
1742	*.COLORIT
1743	*.SAVEYOURDATA
1744	*.aescrypt
1745	_HELP_INSTRUCTIONS_.TXT
1746	*lockhelp@qq.com
1747	*.Ryuk
1748	*.croc
1749	*.norvas
1750	*.\[absonkaine@aol.com\].phoenix
1751	*.CRABSLKT
1752	*.gotcha
1753	*.cube
1754	*.SDEN
1755	*.obagarmrk
1756	*.tater
1757	*.pumas
1758	*.browec
1759	*.hdeaf
1760	*.guvara
1761	*.tabufa
1762	*.tokog
1763	*.fuchsia
1764	*.etols
1765	*.\[velasquez.joeli@aol.com\]
1766	*.gate
1767	*.langolier
1768	*.spyhunter
1769	*.cryptoid
1770	*.\[adobe-123@tutanota.com\].ETH
1771	*.Jumper
1772	*.major
1773	*.raldug
1774	*.phoenix
1775	*.gropas
1776	*.wannacash
1777	*.NGSC
1778	*.bmps@tutanota.com.major
1779	*._Crypted
1780	*.roland
1781	*.NOLOST
1782	*.Marozka
1783	*.encryptedALL
1784	*.stun
1785	*.grovas
1786	*.trosak
1787	*.tronas
1788	*.JLCW2
1789	*.\[thedecrypt111@qq.com\].ETH
1790	*.drume
1791	*.securityP
1792	*.YYYYBJQOQDU
1793	ENCRYPTED.TXT
1794	*.MDEN
1795	README_LOCKED.txt
1796	README-NOW.txt
1797	*.locker
1798	*.proden
1799	*.CQQUH
1800	*\[p4d@tuta.io\].com
1801	*.luceq
1802	*.chech
1803	*.\[mrpeterson@cock.li\].GFS
1804	*.suffer
1805	*.инструкция по оплате.txt
1806	*.metan
1807	*.kezoz
1808	*.luces
1809	*.doples
1810	*.pdf_Axffyq_{babyfromparadise666@gmail.com}.p3rf0rm4
1811	*.pdf.p3rf0rmr
1812	*.{CALLMEGOAT@PROTONMAIL.COM}CMG
1813	*.\[amber777king@cock.li\].amber
1814	*.L1LL
1815	*.charcl
1816	*.UIK1J
1817	*.kropun
1818	*.jimm
1819	*.klope
1820	*.\[payransom@qq.com\].adobe
1821	*.jamper
1822	---README---.TXT
1823	*.\[w_decrypt24@qq.com\].zq
1824	*.Scorpion
1825	*.pulsar1
1826	*.charck
1827	*.kroput1
1828	*.\[btccrypthelp@cock.li\].ETH
1829	*.\[1701222381@qq.com\].ETH
1830	*.\[decryptprof@qq.com\].ETH
1831	*.\[decryptmyfiles@qq.com\].ETH
1832	*.\[helpfilerestore@india.com\].ETH
1833	*.\[MailPayment@decoder.com\].ETH
1834	*.Blower@india.com
1835	*.bRcrypT
1836	*.GILLETTE
1837	*.yatron
1838	*.kroput
1839	*.\[plombiren@hotmail.com\].plomb
1840	Restore_ICPICP_Files.txt
1841	HOW-TO-RESTORE-FILES.txt
1842	!#_How_to_decrypt_files_$!.txt
1843	_如何解密我的文件_.txt
1844	How to decrypt.txt
1845	*.\[help24decrypt@cock.li
1846	*.Neptune
1847	*.{mattpear@protonmail.com}
1848	*.promorad2
1849	*.andymarvin
1850	*.mamasitaq
1851	*.cockista
1852	*.crabs
1853	*.dy8wud
1854	*.\[china-decryptor@pm.me\]
1855	*.kitty
1856	*.CIOP
1857	*.pfanz
1858	*.jcry
1859	*.evopro
1860	*.{mattpear@protonmail.com}MTP
1861	*.Annabelle2
1862	*.\[help24decrypt@cock.li\]
1863	*.promock
1864	*.promorad
1865	HOW TO DECRYPT\[1T0tO\].txt
1866	!_!email__ prusa@goat.si __!..PAYMAN
1867	!SBLOCK_INFO!.rtf
1868	*.Frendi
1869	инструкция по оплате.txt
1870	how_to_recver_files.txt
1871	*.aqva
1872	!#_How_to_decrypt_files_#!
1873	SECURITY-ISSUE-INFO.txt
1874	! ПРОЧТИ МЕНЯ !.html
1875	*.cammora
1876	*.SBLOCK
1877	*.promoz
1878	*.crazy
1879	*.ARTEMY
1880	*.rontok
1881	*.crypt2019
1882	*.\[crypted_files@qq.com\].aqva
1883	*.BlackPink
1884	*.id.*.crazy
1885	!GBLOCK_INFO.rtf
1886	*.GBLOCK
1887	*.cekisan
1888	*.promos
1889	*.seed
1890	*.jupstb
1891	*.KARLS
1892	!PEDANt_INFO!.rtf
1893	*.mecury
1894	*.PLANT
1895	#HELP-DECRYPT-FCRYPT1.1#.txt
1896	*.infileshop@gmail_com_ID44
1897	*.shadi
1898	*.dedo
1899	*.help24decrypt@qq.com
1900	*.\[raphaeldupon@aol.com\].ETH
1901	*.PEDANT
1902	*.Encrypted5
1903	*.Gefest3
1904	ClopReadMe.txt
1905	*.frend
1906	*.amber
1907	!!!READ_IT!!!.txt
1908	Readme_Restore_Files.txt
1909	Your files are now encrypted.txt
1910	HOW_TO_DECRYPT_MY_FILES.txt
1911	*.snake4444
1912	*.\[drwho888@mail.fr\].888
1913	*.FCrypt
1914	*.Clop
1915	*.fastrecovery.xmpp.jp
1916	*.poyvonm
1917	*.crypted_pony_test_build_xxx_xxx_xxx_xxx_xxx
1918	*.FileSlack
1919	*.pluto
1920	*.paycoin
1921	*.blower
1922	*.nosafe
1923	*.tuki17@qq.com
1924	*.secure
1925	*.crypted_pony_test_build*
1926	*.YOLO
1927	*.qwex
1928	*.DESYNC
1929	*.crash
1930	*.pennywise
1931	*.888
1932	*.*GEFEST
1933	*adobe.gefest
1934	*.OOFNIK
1935	*.\[welesmatron@aol.com\].btc
1936	*.Mcafee
1937	*.mbrcodes
1938	*.UNIT09
1939	*.Xcri
1940	*.telebak
1941	*.\[buy-decryptor@pm.me\]
1942	*.adobee
1943	*.mafee
1944	*.\[writehere@qq.com\].btc
1945	*.GEFEST
1946	CRYPTOID_*
1947	*.PC-FunHACKED*
1948	TrumpHead.exe
1949	!README_GRHAN!.rtf
1950	*.ppam
1951	*.vaca
1952	*.heets
1953	*.alien
1954	*.SPCT
1955	anatova.txt
1956	anatova.exe
1957	170fb7438316.exe
1958	CallOfCthulhu.exe
1959	*.cripton
1960	*.GMBN
1961	*.ddpcbi
1962	*.\[Traher@Dr.Com\]
1963	*.2lwnPp2B
1964	*\[gomer_simpson2@aol.com\].phobos
1965	*._raphaeldupon@aol.com_.btc
1966	*.RENSENWARE
1967	*.rumba
1968	*.AUF
1969	*.Tfudeq
1970	*.tfudet
1971	*.JAMES
1972	*.sdwwbrb
1973	*.ucftz*
1974	*.xcry7684
1975	*.eddldzor
1976	*.hncdumn
1977	*.g^od
1978	*.ezzyl
1979	*.jundmd@cock.li*
1980	*.obfuscated
1981	*.rsucozxze
1982	*.mdk4y
1983	*.GRHAN
1984	*.zzzzzzzz
1985	*.bvjznsjlo
1986	*.sjjpu
1987	*.djuvq
1988	*.djvup
1989	*.djvut
1990	*.djvur
1991	*.djvus
1992	*.uudjvu
1993	*.udjvu
1994	*djvuu
1995	*.tfude
1996	*.tro
1997	*{alexbanan@tuta.io}.CORP
1998	.\[ti_kozel@lashbania.tv\].*
1999	#RECOVERY_FILES#.txt
2000	*id-.LyaS
2001	$%%! NOTE ABOUT FILES -=!-.html
2002	*__{}.VACv2
2003	*.pdff
2004	*.djvuq
2005	*.INDRIK
2006	*.recovery_email__retmydata@protonmail.com__*_.aes256.testE
2007	*.artilkilin@tuta.io.wq2k
2008	*.recovery_email_\[retmydata@protonmail.com\]*.aes256
2009	*.vulston
2010	*.SATANA
2011	*\[decryptdata@qq.com\].rar
2012	*.to.dernesatiko@mail.com.crypted
2013	*.ryx
2014	*.\[ti_kozel@lashbania.tv\].костя
2015	*.nostro
2016	*.\[Unlock24@cock.li\].combo
2017	*.mouse
2018	*.snatch
2019	*.bizer
2020	*.tunca
2021	*.\[decrypthelper@protonmail.com\].phobos
2022	*.locked_by_mR_Anonymous(TZ_HACKERS)
2023	*.ducueyuav
2024	*.oslawcmme
2025	*.Защищено
2026	*.Djvuu
2027	*.PRCP
2028	*.\[backtonormal@foxmail.com\].adobe
2029	*.WORMCRYPT0R
2030	*.evolution
2031	*.cmsnwned
2032	*.ironhead
2033	*.ktuhzxpi
2034	*.elpvd
2035	*.kali
2036	*.Mercury
2037	*.\[avflantuheems1984@aol.com\].adobe
2038	*.FJ7QvaR9VUmi
2039	*.gerber5
2040	*.CRYPTR
2041	*.XY6LR
2042	cmdRansomware.*
2043	#RECOVERY_FILES#.*
2044	*.decryptgarranty
2045	_How to restore files.*
2046	_How_To_Decrypt_My_File_.*
2047	*.lucky
2048	*.PERSONAL_ID*
2049	*.garcewa
2050	*.danger
2051	*.israbye
2052	*.\[fileslocker@pm.me\]
2053	*.greystars@protonmail.com
2054	*.iaufhhhhfiles_BACK_PLS_READ.html
2055	*.iaufhhhfiles_BACK_PLS_READ.html
2056	*.hilegofprencrp
2057	*.wowreadfordecry
2058	*.btc -help-you
2059	*.checkdiskenced
2060	*.iloveworld
2061	*.goforhelp
2062	*.encmywork
2063	*.\[parambingobam@cock.li\].adobe
2064	*.\[mercarinotitia@qq.com\].adobe
2065	*.crypted_bizarrio@pay4me_in
2066	*.DeLpHiMoRiX*
2067	*.malwarehunterteam
2068	*.demonslay335_you_cannot_decrypt_me!
2069	*.peosajwqfk
2070	*.online24files@airmail.cc
2071	*.risk
2072	*.\[cyberwars@qq.com\].war
2073	*.stevenseagal@airmail.cc
2074	*.myjob
2075	*.lolita
2076	*snowpicnic*
2077	*SIMMYWARE*
2078	how to get back you files.txt
2079	*.cccmn
2080	aboutYourFiles.*
2081	*wall.i
2082	#RECOVERY-PC#.*
2083	!-GET_MY_FILES-!.*
2084	@_RESTORE-FILES_@.*
2085	*.Puma
2086	*.\[yoursalvations@protonmail.ch\].neverdies@tutanota.com
2087	*.kraussmfz
2088	*.PUMAX
2089	*.anami
2090	*.449o43
2091	*.DeLpHiMoRiX!@@@@_@@_@_2018_@@@_@_@_@@@
2092	*.\[stopencrypt@qq.com\].adobe
2093	*.Enter
2094	*.betta
2095	*.INFOWAIT
2096	*.FIXT
2097	*.fire
2098	*.Horsuke
2099	*.Vapor
2100	*.ispfv
2101	*.Bear
2102	*.EnyBenied
2103	*.BlackHat
2104	*.Epoblockl
2105	*.DATAWAIT
2106	*.010001
2107	*.AUDIT
2108	*.\[papillon9275\]
2109	*.UKCZA
2110	*.YIAQDG
2111	*.CQXGPMKNR
2112	*.HHFEHIOL
2113	*.GrujaRS
2114	*.xuy
2115	*.crypted034
2116	*.FilGZmsp
2117	*.krzffw
2118	*.impect
2119	*.fast
2120	*.Ox4444
2121	*.6db8
2122	*.PTGEPVEKM
2123	*.adobe
2124	*.JKOUOGVG
2125	*.mariacbc
2126	*.supportfiless24@protonmail.ch
2127	*.SYMMYWARE
2128	*.vendetta2
2129	*.xxxxx
2130	*.CommonRansom
2131	*.crypt888
2132	*.gdb
2133	*.wewillhelp@airmail.cc
2134	*.WAND
2135	*.\[everest@airmail.cc\].EVEREST
2136	*.FUNNY
2137	*.vanss
2138	*.SANTANA
2139	*.NOT
2140	*.beer
2141	*.SOLO
2142	*.GMPF
2143	*.W0YR8
2144	*.charm
2145	*.birbb
2146	TOTALLYLEGIT.EXE
2147	*.altdelete@cock.li.district
2148	*.ctrlalt@cock.li.district
2149	*.THDA
2150	*.katyusha
2151	*.LGAWPULM
2152	*.\[mixon.constantine@aol.com\].gamma
2153	*.101
2154	*.zlpzdel
2155	*.junked
2156	*.DQXOO
2157	*.NOBAD
2158	*.garrantydecrypt
2159	*.BAWSUOOXE
2160	*.Kg9EX
2161	*.EMAN50
2162	*.\[crab7765@gmx.de\].crab
2163	!!!ReadMeToDecrypt.txt
2164	*.qweuirtksd
2165	#README_GMAN#.rtf
2166	!README_GMAN!.rtf
2167	*.GMAN
2168	*.boost
2169	*.ziqzqzdi
2170	52036F92.tmp
2171	*.FFF
2172	*.911
2173	*.2xx9
2174	*.@decrypt_2017
2175	(encrypted)*
2176	*zn2016
2177	#HOW_DECRYPT_FILES#.html
2178	!back_files!.html
2179	*.Bill_Clinton@derpymailorg
2180	*.nWcrypt
2181	*.needkeys
2182	*.YAYA
2183	*.write_on_email
2184	*.needdecrypt
2185	*.0402
2186	*.NIGGA
2187	HOW_DECRYPT_FILES#.html
2188	*.eQTz
2189	*.aRpt
2190	*.3P7m
2191	*.3RNu
2192	*.rpd
2193	*.\[oron@india.com\].dharma
2194	HOW TO RECOVER ENCRYPTED FILES-infovip@airmail.cc.TXT
2195	READ_TO_DECRYPT.html
2196	*.\[embrace@airmail.cc\].embrace
2197	*\[Beamsell@qq.com\].bip
2198	*\[files.restore@aol.com\].write
2199	#NEWRAR_README#.rtf
2200	Files encrypted.html
2201	*.backup
2202	*\[java2018@tuta io\].arrow
2203	!OoopsYourFilesLocked!.rtf
2204	*\[RELOCK001@TUTA.IO\]
2205	*.\[btc@fros.cc\].btc
2206	How To Restore Files.txt
2207	*.bgtx
2208	Info.hta
2209	FILES ENCRYPTED.txt
2210	*.DHDR4
2211	*.crypted_marztoneb@tutanota_de
2212	YOU_MUST_READ_ME.rtf
2213	*How to Decrypt Files-*.html
2214	*.BaLoZiN
2215	*.RJZUNA
2216	*@LOCKED
2217	*.EMAN
2218	*.firmabilgileri
2219	*-DECRYPT.txt
2220	*.iudgkwv
2221	*.\[notopen@countermail.com\].NOT_OPEN
2222	ReadMe_Decryptor.txt
2223	!_HOW_RECOVERY_FILES_!.txt
2224	READ__IT.txt
2225	*.f*cked
2226	*-DECRYPT.html
2227	*.\[paydecryption@qq.com\].brrr
2228	*.spaß
2229	*.olduw
2230	*.yoewy
2231	*.BDKR
2232	*.onlinesupport
2233	*.anonymous
2234	*.bkp
2235	*.ryk
2236	*.skype
2237	*.CHE808
2238	*.parrot
2239	*.monro
2240	*.NOT_OPEN
2241	*.no_more_ransomware
2242	*.gamma
2243	*.brrr
2244	*.Nano
2245	*.ITLOCK
2246	*.SAVEfiles
2247	*.mvp
2248	*.hitler
2249	*.mammon
2250	*.SLAV
2251	*.davilarita@mail.com.yyy0
2252	*\[shivamana@seznam.cz\].pip
2253	*.KOK08
2254	*.eoeo
2255	*.FASTBOB
2256	*.lockymap
2257	*.NEWRAR
2258	*.cryptoNar
2259	*.partially.cryptoNar
2260	*.PICO
2261	*.CYBERGOD
2262	*.rcrypted
2263	*.kvllyatprotonmaildotch
2264	*.KOK8
2265	*.fsdfsdfsdfsdfsdfsfdsfs
2266	How To Decode Files.hta
2267	*.BadNews
2268	*.cassetto
2269	*.sophos
2270	*.{incredible0ansha@tuta.io}.ARA
2271	*.\[backdata@cock.li\].CreamPie
2272	*.FuckedByGhost
2273	*.#__EnCrYpTED_BY_dzikusssT3AM_ransomware!__#
2274	*.lockedfile
2275	*.WHY
2276	*.AlfaBlock
2277	# How to Decrypt Files.txt
2278	*-Lock.onion
2279	*.PrOtOnIs.VaNdElIs
2280	*.PrOtOnIs
2281	*.Armage
2282	*.rent
2283	*.fox
2284	*.pleaseCallQQ
2285	*.lockedgood
2286	*.hacked.by.Snaiparul
2287	*.ShutUpAndDance
2288	*.K8VfiZ
2289	*.G8xB
2290	*.cmb
2291	*.b29
2292	*.poolezoor
2293	*.id-*.cmb
2294	*.KEYPASS
2295	*.doubleoffset
2296	*.tedcrypt
2297	!=How_to_decrypt_files=!.txt
2298	*.divine
2299	*.wannacryv2
2300	*.anonimus.mr@yahoo.com
2301	*.dragnea
2302	*.RECOVERYOURFILES
2303	*.invaded
2304	*.incpas
2305	*.BARRACUDA
2306	*.sdk
2307	*.cryptes
2308	*.like
2309	*.ukrain
2310	*.dfjhsalfhsakljfhsljkahfdjklashfdjklh
2311	*.black007
2312	*.combo
2313	*.adapaterson@mail.com.mkmk
2314	*0nl1ne*
2315	*.locked.zip
2316	*.boris
2317	*.powerfuldecrypt
2318	*.predator
2319	*.XERO
2320	*.HYENA
2321	*.BD.Recovery
2322	*.zzz12
2323	*king_ouroboros*
2324	*.dyaaghemy
2325	*.\[firmabilgileri@bk.ru\]
2326	*.DATASTOP
2327	*.thunder
2328	*.LanRan*
2329	*.deep
2330	*.TaRoNiS
2331	*.desu
2332	*.SHRUG2
2333	*.\[thunderhelp@airmail.cc\].thunder
2334	*.LanRan2.0.5
2335	*.\[dsupport@protonmail.com\]
2336	*.jewsomware
2337	*.\[Filesreturn247@gmx.de\].lock
2338	*.##___POLICJA!!!___TEN_PLIK_ZOSTA
2339	*.animus
2340	*.\[evil@cock.lu\].EVIL
2341	*.\[mrbin775@gmx.de\].bin
2342	*.DATA_IS_SAFE_YOU_NEED_TO_MAKE_THE_PAYMENT_IN_MAXIM_24_HOURS_OR_ALL_YOUR_FILES_WILL_BE_LOST_FOREVER_PLEASE_BE_REZONABLE_IS_NOT_A_JOKE_TIME_IS_LIMITED
2343	*.XVNAW
2344	*.24H
2345	*.\[eV3rbe@rape.lol\].eV3rbe
2346	*.SHRUG
2347	*.KUAJW
2348	*.\[btc2018@tutanota.de\].meduza
2349	*.coder007@protonmail.com
2350	*\[qmqtt@protonmail.ch\].HRM
2351	*\[qrrqtt@protonmail.ch\].HRM
2352	*.choda
2353	*.ransomcrypt
2354	FILES.TXT
2355	*.nozelesn
2356	*.KRAB
2357	*.Aurora
2358	*.bomber
2359	*.BtcKING
2360	*.CyberSCCP
2361	*.ssimpotashka@gmail.com
2362	*.PAY_IN_MAXIM_24_HOURS_OR_ALL_YOUR_FILES_WILL_BE_PERMANENTLY_DELETED_PLEASE_BE_REZONABLE_you_have_only_1_single_chance_to_make_the_payment
2363	*@cock.email
2364	*.recme
2365	*.king_ouroboros*
2366	*.omerta
2367	*.\[XAVAX@PM.ME\].omerta
2368	*.donut
2369	*.volcano
2370	*.jungle@anonymousspechcom
2371	*.Alkohol
2372	*.oneway
2373	*.ONYX
2374	*.fastsupport@xmpp.jp
2375	*.BIG4+
2376	*.leen
2377	*.horsuke@nuke.africa
2378	*.DiskDoctor
2379	*.qnbqw
2380	*.ssananunak1987@protonmail.com.b2fr
2381	*.codyprince92@mail.com.ovgm
2382	*.fastrecovery@airmail.cc
2383	*.reycarnasi1983@protonmail.com.gw3w
2384	*.billingsupp
2385	*.ndpyhss
2386	*.SF
2387	*.digiworldhack@tutanota.com
2388	RESTORE-SIGRUN.*
2389	*id-*.BI_ID
2390	*.cryptgh0st
2391	*.emilysupp
2392	*.RedEye
2393	*.AdolfHitler
2394	*.crybrazil
2395	*.infovip@airmail.cc
2396	*.REBUS
2397	filesinfo.txt
2398	!!!!RESTORE_FILES!!!.txt
2399	*.insta
2400	*.CONTACTUS
2401	*.osk
2402	*.\[pain@cock.lu\].pain
2403	*.embrace
2404	Decoding help.hta
2405	*.karne
2406	*.setimichas1971@protonmail.com.b4wq
2407	*.decodeme666tutanota_com
2408	*.josep
2409	*.decodeme666@tutanota_com
2410	*.cdrpt
2411	*.SEPSIS
2412	*.ransomed@india.com
2413	*.sigrun
2414	*.booknish
2415	*.bip
2416	*.\[Sepsis@protonmail.com\].SEPSIS
2417	*.MTXLOCK
2418	*.RansomAES
2419	*.PAUSA
2420	*.hac
2421	*.\[BaYuCheng@yeah.net\].china
2422	*.UselessFiles
2423	*.GrAnoSinSa
2424	*.rand
2425	HOW DECRIPT FILES.hta
2426	*.kcwenc
2427	*.mich
2428	*.OBLIVION
2429	*.cryptfile
2430	*.BlackRouter
2431	*.pay2me
2432	*.Satyr
2433	*.sorry
2434	*.tron
2435	*.sky
2436	*.NMCRYPT
2437	*@tutanota.com\]
2438	*@tuta.io\]
2439	*.Horros
2440	*.LolSec
2441	Perfect.sys
2442	*.d3g1d5
2443	*.excuses
2444	*.cock.email
2445	*.MOLE66
2446	*.*.sell
2447	UselessDisk.exe
2448	*.EGG
2449	*.JFCWF
2450	wormDll*.dll
2451	ScreenLocker_x86.dll
2452	SsExecutor_x86.exe
2453	Spreader_x86.dll
2454	tabDll*.dll
2455	Zenis-*.*
2456	*.xwz
2457	*.Stinger
2458	0000-SORRY-FOR-FILES.html
2459	READ_ME_HELP.png
2460	READ_ME_HELP.txt
2461	*.\[restorehelp@qq.com\].java
2462	*.FRS
2463	Zenis-Instructions.html
2464	*.\[batmanbitka1@cock.li\].arena
2465	*.koreaGame
2466	*.improved
2467	*.\[volcano666@tutanota.de\].volcano
2468	*@adsoleware.com*
2469	*.kwaaklocked
2470	_XiaoBa_Info_.hta
2471	*.XiaoBa
2472	*.cypher
2473	*.bananaCrypt
2474	*BlockBax*
2475	ownertrust.txt
2476	qwerty-pub.key
2477	*.igza4c
2478	*.Nutella
2479	*.\[everbe@airmail.cc\].everbe
2480	*.Sil3nt5pring
2481	*.Crab
2482	*.jodis
2483	*.jes
2484	*.Bitconnect
2485	*.arrow
2486	*.contact-me-here-for-the-key-admin@adsoleware.com
2487	*.leenapidx
2488	*.creeper
2489	*.Encrypted\[BaYuCheng@yeah.net\].XiaBa
2490	*.styver
2491	*.leenapidx@snakebite.com.hrhr
2492	*.YOU-ARE-FUCKED-BY-BALILUWARE-(CODED-BY-HEROPOINT)
2493	*.frmvrlr2017
2494	*.SUSPENDED
2495	Restore Files.TxT
2496	*.ANNABELLE
2497	*.messenger-*
2498	*.\[ID62133703\]
2499	*.nazcrypt
2500	*.THANATOS
2501	*.ransomwared
2502	*.saturn
2503	*.干物妹！
2504	*.happyness
2505	*\[ignatevv330@gmail.com\].java
2506	*fuga139gh@dr.com*
2507	*.Tornado
2508	*.david
2509	*.defender
2510	*.blank
2511	matrix-readme.rtf
2512	WhatHappenedWithFiles.rtf
2513	WhatHappenedWithMyFiles.rtf
2514	Readme-Matrix.rtf
2515	#_#WhatWrongWithMyFiles#_#.rtf
2516	*_\[LINERSMIK@NAVER.COM\]\[JINNYG@TUTANOTA
2517	*.honor
2518	*.twist
2519	*ReadMe_Decryptor.txt
2520	.\[decryptor@cock.li\].dcrtr
2521	*.blackruby
2522	*.justice
2523	*.adam
2524	*...Files-Frozen-NEED-TO-MAKE-PAYMENT…
2525	*.\[GuardBTC@cock.li\].java
2526	*.bunny
2527	*.lockme
2528	*.DREAM
2529	*.same
2530	*.write
2531	*.b89b
2532	*.GDCB
2533	*.\[decrypthelp@qq.com\].java
2534	*.block
2535	*.DEUSCRYPT
2536	*.notfoundrans
2537	*.howcanihelpusir
2538	*.happenencedfiles
2539	*.AreYouLoveMyRansFile
2540	*.country82000
2541	*.insane
2542	*.qwerty
2543	*.LOCKED_BY_pablukl0cker
2544	*.\[insane@airmail.cc\].insane
2545	*.velso
2546	*.\[stopstorage@qq.com\].java
2547	*.\[bacon@oddwallps.com\].java
2548	*.PLANETARY
2549	*.CryptWalker
2550	*.Infinite
2551	*.\[satan2018@protonmail.com\].java
2552	*.LTML
2553	*.\[decodingfiles@tuta.io\].java
2554	*.kryptonite
2555	*.Server
2556	*.leon
2557	*.vrmrkz
2558	*.1btc
2559	*.\[Bas_ket@aol.com\].java
2560	*.id-02B52D6C.\[Bas_ket@aol.com\].java
2561	*.sysdown
2562	*.gigahertz
2563	*.rapid
2564	*.triple_m
2565	*.info
2566	*.weapologize
2567	*.tastylock
2568	*.blind2
2569	*.STOP
2570	*.wtf
2571	*.\[supp01@arimail.cc\].napoleon
2572	*.File
2573	*.\[pain@onefinedstay.com\].java
2574	*.godra
2575	*.maniac
2576	*.VENDETTA
2577	*.\[Hardcorrr@protonmail.com\].java
2578	*.\[Hardcorr@protonmail.com\].java
2579	*.satan
2580	*.fix
2581	*.GORILLA
2582	*.CHRISTMAS
2583	*.\[slaker@india.com\]*.wallet
2584	*.492
2585	*.Cyclone
2586	*.katipuneros
2587	*.styx
2588	*.RDWF
2589	*.wmfxdqz
2590	*.Work
2591	*.noblis
2592	*.DS335
2593	*.\[skeleton@rape.lol\].skeleton
2594	*.e4m
2595	*.encencenc
2596	*.executioner
2597	*.CerBerSysLocked0009881
2598	*.spider
2599	*.\[blind@cock.li\].blind
2600	*.0wn3dyou
2601	*.Frivolity
2602	*.lime
2603	*.\[paradisecity@cock.li\].arena
2604	_READ_ME_FOR_DECRYPT.txt
2605	*.\[amagnus@india.com\].wallet
2606	*.eTeRnItY
2607	*.bit
2608	*.dxjay
2609	*.dwbiwty
2610	*.xhspythxn
2611	*.fbuvkngy
2612	*.RansomMine
2613	*.MTC
2614	*.napoleon
2615	*.dlenggrl
2616	*.TEST
2617	*.GOTYA
2618	*.maxicrypt
2619	*.\[maxicrypt@cock.li\].maxicrypt
2620	*.encrptd
2621	*.vpgvlkb
2622	*.areyoulovemyrans
2623	*.shadow
2624	*.\[suupport@protonmail.com\].scarab
2625	*.cock.li
2626	*.aajf
2627	*.iGotYou
2628	*.Ipcrestore
2629	*.PHOBOS
2630	*.fairytail
2631	*.fucku
2632	*.basslock
2633	*.wdie
2634	*.wsmile
2635	*.wndie
2636	*.0000
2637	*.RASTAKHIZ
2638	*.PANDA
2639	*.BIG1
2640	*.TRUE
2641	*.am
2642	*.kill
2643	*.kimchenyn
2644	*.XZZX
2645	*.fat32
2646	*.##ENCRYPTED_BY_pablukl0cker##
2647	*aes_ni_gov
2648	*.aes_ni
2649	*.bloked
2650	*.cripted
2651	*.filesfucked
2652	*.cryptx*
2653	*.how_to_recover*.*
2654	*.help_restore*.*
2655	*.restore_fi*.*
2656	*.ukr.net*
2657	*.qq_com*
2658	Wo_sind_meine_Dateien.htm*
2659	*.fake
2660	*.cobra
2661	*\].block
2662	!!!GetBackData!!!.txt
2663	*.HRM
2664	*.skvtb
2665	*.game
2666	*.Losers
2667	*.gr3g
2668	*.oni
2669	*.sinta
2670	*.libbywovas@dr.com.gr3g
2671	*.xiaoba33
2672	*.xiaoba32
2673	*.xiaoba31
2674	*.xiaoba30
2675	*.xiaoba29
2676	*.xiaoba28
2677	*.xiaoba27
2678	*.xiaoba26
2679	*.xiaoba25
2680	*.xiaoba24
2681	*.xiaoba23
2682	*.xiaoba22
2683	*.xiaoba21
2684	*.xiaoba20
2685	*.xiaoba19
2686	*.xiaoba18
2687	*.xiaoba17
2688	*.xiaoba16
2689	*.xiaoba15
2690	*.xiaoba14
2691	*.xiaoba13
2692	*.xiaoba12
2693	*.xiaoba11
2694	*.xiaoba10
2695	*.xiaoba9
2696	*.xiaoba8
2697	*.xiaoba7
2698	*.xiaoba6
2699	*.xiaoba5
2700	*.xiaoba4
2701	*.xiaoba3
2702	*.xiaoba2
2703	*.XiaoBa1
2704	*.XiaoBa34
2705	*.colecyrus@mail.com.b007
2706	allcry_upx.exe
2707	*-PLIIKI.txt
2708	dispci.exe
2709	cscc.dat
2710	infpub.dat
2711	LEIA_ME.txt
2712	*.lordofshadow
2713	*.SaherBlueEagleRansomware
2714	*.\[MAXVISION@SECMAIL.PRO\].CRIPTOGRAFADO
2715	!____________DESKRYPT@TUTAMAIL.COM________.rar
2716	How_Decrypt_Files.hta
2717	*.Ordinal
2718	*.aes!
2719	READ_ME_FOR_DECRYPT_*.txt
2720	*.ihsdj
2721	*.kgpvwnr
2722	*.LIN
2723	*.CHAK
2724	*.Chartogy
2725	*.viiper
2726	*.x1881
2727	*.stroman
2728	*.asasin
2729	*.BUGWARE
2730	*.SENRUS17
2731	!! RETURN FILES !!.txt
2732	*.loveransisgood
2733	*.PayDay
2734	*.allcry
2735	*.lockd
2736	*.PRIVAT66
2737	*.SHARK
2738	005-DO-YOU-WANT-FILES.html
2739	*.#
2740	*.CyberSoldiersST
2741	*.wyvern
2742	*.technicy
2743	*.cyberdrill
2744	*.ZW
2745	*.myransext2017
2746	*.ykcol
2747	*.XmdXtazX.
2748	*.albertkerr94@mail.com.m5m5
2749	*.cryptojoker
2750	*.Doxes
2751	*.XmdXtazX
2752	*.blind
2753	*.Locked_file
2754	*.HeroesOftheStorm
2755	*.dian
2756	*.mind
2757	*.H_F_D_locked
2758	*.reaGAN
2759	*.INCANTO
2760	*.pablukCRYPT
2761	*.gocr
2762	*.revolution
2763	*.disposed2017
2764	*.armadilo1
2765	*.trevinomason1@mail.com.vsunit
2766	*.\[Brazzers@aolonline.top\].arena
2767	_RECoVERY_+*.*
2768	*.__dilmaV1
2769	*.hacked
2770	*.\[assistance@firemail.cc\].nuclear
2771	READ_THIS_FILE_1.TXT
2772	*.pnr
2773	*.{ljspqk7@aol.com}.BRT92
2774	*.ILLNEST
2775	*.OhNo!
2776	*.akira
2777	*..txt
2778	*.3nCRY
2779	*.clinTON
2780	RESTORE_INFO-*.txt
2781	*.BUSH
2782	*.\[black.world@tuta.io\].nuclear
2783	*.CryptedOpps
2784	*.crypt12
2785	*.OTR
2786	Important_Read_Me.txt
2787	*.JezRoz
2788	*.UNLIS
2789	*.granny
2790	*.shinigami
2791	*.PA-SIEM
2792	*.flat
2793	TUTORIEL.bmp
2794	*.xolzsec
2795	*.Flux
2796	*.Blocked2
2797	*.wooly
2798	*.nuclear
2799	*.area
2800	*.EMPTY
2801	*.arena
2802	lukitus.html
2803	*.zuzya
2804	*.{saruman7@india.com}.BRT92
2805	*.CYRON
2806	*.#Locky
2807	*.ERROR
2808	*.EV
2809	*.lokitus
2810	*.lukitus-tiedostopäätettä
2811	*.fmoon
2812	*.cesar
2813	*.lukitus
2814	*.KK
2815	*.prosperous666
2816	*.\[actum_signum@aol.com\].onion
2817	*.encrypted\[Payfordecrypt@protonmail.com\]
2818	*.enc
2819	*.anubi
2820	*.D2550A49BF52DFC23F2C013C5
2821	*.LEGO
2822	*.Cerber_RansomWare@qq.com
2823	*.0x009d8a
2824	*.3301
2825	*.ZABLOKOWANE
2826	*.pabluklocker
2827	*.cezar
2828	*.cnc
2829	*.trump
2830	*.Crypton
2831	*.rumblegoodboy
2832	*.BONUM
2833	*.\[cho.dambler@yandex.com\]
2834	diablo6-*.htm
2835	*.DIABLO6
2836	*.PEDO
2837	*.HELLO
2838	*.ACTUM
2839	*.OGONIA
2840	*.WAmarlocked
2841	!## DECRYPT FILES ##!.txt
2842	*.nopasaran
2843	*.gryphon
2844	ebay-msg.html
2845	ebay_was_here
2846	*.ebay
2847	*.491
2848	*.mtk118
2849	*.490
2850	*.shutdown57
2851	*.PIRATE
2852	*.wxdrJbgSDa
2853	*.sea
2854	*.PLIN
2855	*.726
2856	*.SEVENDAYS
2857	*.nemesis
2858	*.ocean
2859	*.rose
2860	*.\[avalona.toga@aol.com\].blocking
2861	*.Node0
2862	*.supported2017
2863	RECOVER-FILES.html
2864	READ_ME_ASAP.txt
2865	_iWasHere.txt
2866	!!!SAVE YOUR FILES!.bmp
2867	!!!!!SAVE YOUR FILES!!!!.txt
2868	@decrypt_your_files.txt
2869	HowToDecryptIMPORTANT!.txt
2870	*.WINDOWS
2871	*.bbqb
2872	*.725
2873	*.DG
2874	*.Srpx
2875	*.freefoam
2876	*.MyChemicalRomance4EVER
2877	*.extension.srpx
2878	*.fuck_you_av_we_are_not_globe_fake
2879	*.BRT92
2880	*.qwqd
2881	IF YOU WANT TO GET ALL YOUR FILES BACK, PLEASE READ THIS.TXT
2882	*.TGIF
2883	*.snake
2884	*.MOLE03
2885	*.MOLE04
2886	*.Petya
2887	*.HAPP
2888	*.bam!
2889	*.Atom
2890	*.GOTHAM
2891	*.skunk
2892	*.symbiom_ransomware_locked
2893	*.CK
2894	*.HUSTONWEHAVEAPROBLEM@KEEMAIL.ME
2895	*.yl
2896	*.ZAYKA
2897	*.NOOB
2898	*.crptd
2899	Instruction for file recovery.txt
2900	*.\[mich78@usa.com\]
2901	*.Reyptson
2902	*.explorer
2903	*.au1crypt
2904	*.s1crypt
2905	*.alosia
2906	*.korea
2907	*.POHU
2908	*.Ransed
2909	*.EXTE
2910	_HELP_INSTRUCTION.TXT
2911	*.Malki
2912	*.707
2913	*.A604AF9070
2914	*.scorpio
2915	*id-*_\[*@*.*\].*
2916	*.Cry128
2917	*.Cry36
2918	*.Cry9
2919	*.xz
2920	*.readme_txt
2921	Ransom.rtf
2922	*.OXR
2923	*.acc
2924	*.MOLE01
2925	*.3ncrypt3d
2926	*.AZER
2927	_INTERESTING_INFORMACION_FOR_DECRYPT.TXT
2928	*.dcry
2929	*.MOLE00
2930	*.LoveYou
2931	*.z3r0
2932	*.4x82N
2933	*.63vc4
2934	*.BELGIAN_COCOA
2935	RESTORE-.-FILES.txt
2936	*.moments2900
2937	*.0x004867
2938	*.MMM
2939	*.rat
2940	*.aleta
2941	*.ranrans
2942	*.lalabitch,
2943	*.gankLocked
2944	*.ipygh
2945	*.via
2946	dllhost.dat
2947	FE04.tmp
2948	027cc450ef5f8c5f653329641ec1fed9*.*
2949	petwrap.exe
2950	*.lamo
2951	File_Encryption_Notice.txt
2952	*.suppose666
2953	*.mention9823
2954	*.breeding123
2955	*.sux
2956	*.cfm
2957	*.Wana Decrypt0r Trojan-Syria Editi0n
2958	Paxynok.html
2959	*.pscrypt
2960	*.a990
2961	Tempimage.jpg
2962	*.Tesla
2963	WannaCry.TXT
2964	*.kuntzware
2965	*.nsmf
2966	*.Facebook
2967	*.pizdosik
2968	*.\[resque@plague.desi\].scarab
2969	*.sux.AES128
2970	*.cspider
2971	*.\[teroda@bigmir.net\].masterteroda@bigmir.net
2972	*.zbt
2973	*.MOLE02
2974	your_key.rsa
2975	OkuBeni.txt
2976	*@*.blocking
2977	*.ogre
2978	*.tax
2979	StrutterGear.exe
2980	ReadMe_Important.txt
2981	Sifre_Coz_Talimat.html
2982	*.whycry
2983	!READ.htm
2984	!_ИНСТРУКЦИЯ_!.txt
2985	*.cr020801
2986	*.cerber6
2987	*.netn6
2988	*.rnsmwre
2989	*.ghost
2990	*.scarab
2991	IF_YOU_WANT_TO_GET_ALL_YOUR_FILES_BACK_PLEASE_READ_THIS.TXT
2992	*.R4bb0l0ck
2993	*.TraNs
2994	#HOW_TO_UNRIP#.txt
2995	*.BeethoveN
2996	* .tdelf
2997	*.spectre
2998	mood-ravishing-hd-wallpaper-142943312215.jpg
2999	Blooper.exe
3000	SintaLocker.exe
3001	SintaRun.py
3002	*.switch
3003	*.payforunlock
3004	HOW TO RECOVER ENCRYPTED FILES.TXT
3005	README_FOR_DECRYPT.txt
3006	*.dolphin
3007	*.dviide
3008	*.sVn
3009	*.R3K7M9
3010	*.BMCODE
3011	*.zilla
3012	*.RaaS
3013	*.resurrection
3014	*.lost
3015	*.ram
3016	*.master
3017	*.brickr
3018	READ_DECRYPT_FILES.txt
3019	*.ramen
3020	*.TRMT
3021	*.gommemode
3022	*.andonio
3023	*.phantom
3024	*.r3store
3025	Read me for help thanks.txt
3026	*.imsorry
3027	help_to_decrypt.txt
3028	*.YYTO
3029	*.read_to_txt_file.yyto
3030	*.beep
3031	*.666
3032	AArI.jpg
3033	*.crying
3034	*.antihacker2017
3035	*.theworldisyours
3036	*.spora
3037	*.sexy
3038	*.realfs0ciety@sigaint.org.fs0ciety
3039	*.pays
3040	*.payrms
3041	*.paymts
3042	*.paymrss
3043	*.paym
3044	*.lol
3045	*.madebyadam
3046	*.locklock
3047	*.lcked
3048	*.kyra
3049	*.kernel_time
3050	*.kernel_pid
3051	*.kernel_complete
3052	*.ifuckedyou
3053	*.grt
3054	*.crypte
3055	*.cbu1
3056	*-webmafia@asia.com_donald@trampo.info
3057	*.beef
3058	*.write_us_on_email
3059	*.LIGHTNING
3060	*.xfile
3061	DECRYPTION.TXT
3062	*.oled
3063	*.wtdi
3064	*.4rwcry4w
3065	*.Encrypted_By_VMola.com
3066	*.wlu
3067	Restore_maysomware_files.html
3068	*.maysomware
3069	*.damoclis
3070	*.decrypter@tutanota.com
3071	*.VisionCrypt
3072	*.pwned
3073	how_to_back_files.html
3074	*.hNcrypt
3075	*.~xdata~
3076	*.b0ff
3077	Galaperidol.exe
3078	HOW_CAN_I_DECRYPT_MY_FILES.txt
3079	*.xdata
3080	Hello There! Fellow @kee User!.txt
3081	*.kee
3082	*.grux
3083	Restore_your_files.txt
3084	READ_ME.html
3085	*.mordor
3086	*.die
3087	*.SaMsUnG
3088	!#_DECRYPT_#!.inf
3089	*.nuke55
3090	*.onyon
3091	*.blocked
3092	!Please Read Me!.txt
3093	!WannaDecryptor!.exe.lnk
3094	*.DARKCRY
3095	*.wincry
3096	*.wncrypt
3097	WannaCrypt 4.0.exe
3098	t.wry
3099	*.vCrypt1
3100	*.theva
3101	tor.exe
3102	tasksche.exe
3103	wcry.zip
3104	taskhsvc.exe
3105	taskse.exe
3106	taskdl.exe
3107	*.pky
3108	*.eky
3109	wcry.exe
3110	Wannacry.exe
3111	@WanaDecryptor@.*
3112	*.slvpawned
3113	*.WCRYT
3114	*.WRNY
3115	*.LOCKED.txt
3116	*.wncryt
3117	*.wnry
3118	*.viki
3119	RESTORE-12345-FILES.TXT
3120	*.donation1@protonmail.ch.12345
3121	*.block_file12
3122	*.@decrypt2017
3123	*.vdul
3124	*.2cXpCihgsVxB3
3125	*.son
3126	loptr-*.htm
3127	*.paycyka
3128	*.medal
3129	*.bagi
3130	@Please_Read_Me@.txt
3131	*.wncry
3132	_!!!_README_!!!_*
3133	_!!!_README_!!!_*_.hta
3134	_!!!_README_!!!_*_ .txt
3135	*.news
3136	*.corrupted
3137	HOW_TO_DECRYPT_FILES.html
3138	*.shifr
3139	DECRYPT_INFO.txt
3140	*.FailedAccess
3141	Cversions.2.db
3142	*.helppme@india.com.*
3143	ReadME_Decrypt_Help_*.html
3144	*.fartplz
3145	* .vCrypt1
3146	*.xncrypt
3147	*.Lockify
3148	*.htrs
3149	*.cryptowin
3150	*.owned
3151	*.x0lzs3c
3152	*.UIWIX
3153	*.CRYPTOBOSS
3154	*.loptr
3155	*.jaff
3156	*.bitkangoroo
3157	*.cloud
3158	zcrypt.exe
3159	*.uk-dealer@sigaint.org
3160	*_luck
3161	*.decrypt2017
3162	*.\[admin@hoist.desi\].*.WALLET
3163	*.\[crysis@life.com\].*.WALLET
3164	*.\[SHIELD0@USA.COM\].*.WALLET
3165	#_RESTORING_FILES_#.TXT
3166	*.haters
3167	*.anon
3168	*.amnesia
3169	*.keepcalm
3170	*.MIKOYAN
3171	RESTORE_FILES.HTML
3172	*.WWW
3173	*.CRYPTED000007
3174	*.HELPPME@INDIA.COM.ID83994902
3175	HOW_RETURN_FILES.TXT
3176	*.MAYA
3177	*.CONTACT_TARINEOZA@GMAIL.COM
3178	*.CRYPTOBYTE
3179	*.AES
3180	NOTE;!!!-ODZYSKAJ-PLIKI-!!!.TXT
3181	INSTRUCTION_FOR_HELPING_FILE_RECOVERY.txt
3182	*.ADR
3183	*.NM4
3184	DesktopOsiris.*
3185	OSIRIS-*.*
3186	redchip2.exe
3187	*.LOLI
3188	ATLAS_FILES.txt
3189	*.whatthefuck
3190	*.loveyouisreal
3191	*.okokokokok
3192	*.ranranranran
3193	READ_IT_FOR_GET_YOUR_FILE.txt
3194	*.psh
3195	*.GETREKT
3196	!!! READ THIS - IMPORTANT !!!.txt
3197	*.aes_ni_0day
3198	*.JEEPERS
3199	PAYMENT-INSTRUCTIONS.TXT
3200	*.LOCKOUT
3201	*.ATLAS
3202	*.FLATCHER3@INDIA.COM.000G
3203	*.AES-NI
3204	*.DEXTER
3205	*.CONFICKER
3206	*.ONION
3207	*.\[NO.TORP3DA@PROTONMAIL.CH\].WALLET
3208	*.LCKD
3209	*.MOLE
3210	*.RANSOM
3211	*.lambda.l0cked
3212	009-READ-FOR-DECCCC-FILESSS.html
3213	_READ_THI$_FILE_*
3214	*.I'WANT MONEY
3215	*.gembok
3216	!Decrypt-All-Files-*.txt
3217	*.\[GOFMEN17@YA.RU\],CRP
3218	*.SERP
3219	*.kilit
3220	0_HELP_DECRYPT_FILES.HTM
3221	HUR_DEKRYPTERA_FILER.html
3222	HUR_DEKRYPTERA_FILER.txt
3223	*.LAMBDA.LOCKED
3224	*.ADMIN@BADADMIN.XYZ
3225	*.SKJDTHGHH
3226	*.LOCK75
3227	*.B10CKED
3228	*.A95436@YA.RU
3229	*.IWANT
3230	*.Fuck_You
3231	Recupere seus arquivos aqui.txt
3232	READ TO UNLOCK FILES.salsa.*.html
3233	*.SALSA222
3234	*.NUMBERDOT
3235	How Decrypt My Files.lnk
3236	How_Decrypt_My_Files
3237	*.CRADLE
3238	*.ID-7ES642406.CRY
3239	READ ME ABOUT DECRYPTION.txt
3240	*.Do_not_change_the_file_name.cryp
3241	*.pr0tect
3242	*.android
3243	*_READ_THIS_FILE_*_*
3244	*.btcware
3245	*drakosho_new@aol.com*
3246	*.AngleWare
3247	*.zorro
3248	*.CIFGKSAFFSFYGHD
3249	*.A9V9AHU4
3250	*.payfordecrypt
3251	OKU.TXT
3252	ZINO_NOTE.TXT
3253	*.ZINO
3254	*.kirked
3255	*.CRPTXXX
3256	HOW_TO_FIX_!.TXT
3257	*.\[BRAINCRYPT@INDIA.COM\].BRAINCRYPT
3258	*.pizdec
3259	*.REVENGE
3260	!!!READ_TO_UNLOCK!!!.TXT
3261	*.openforyou@india.com
3262	*.warn_wallet
3263	*.nemo-hacks.at.sigaint.org
3264	*.MATRIX
3265	Crytp0l0cker.Upack.dll
3266	Crytp0l0cker.dll
3267	Crytp0l0cker.exe
3268	decrypted_files.dat
3269	padcryptUninstaller.exe
3270	PadCrypt.exe
3271	Vape Launcher.exe
3272	READ_ME_!.txt
3273	*.enjey
3274	Aescrypt.exe
3275	*.GG
3276	*.\[PINGY@INDIA.COM\]
3277	*.WORMKILLER@INDIA.COM.XTBL
3278	*.CEBER3
3279	IF_WANT_FILES_BACK_PLS_READ.html
3280	*.iaufkakfhsaraf
3281	_HELP_HELP_HELP_*
3282	zXz.html
3283	*.zXz
3284	VictemKey_*_*
3285	HVORDAN_DU_GENDANNER_FILER.html
3286	HVORDAN_DU_GENDANNER_FILER.txt
3287	HELP_ME_PLEASE.txt
3288	!_RECOVERY_HELP_!.txt
3289	PLEASE-READIT-IF_YOU-WANT.html
3290	*.filegofprencrp
3291	COME_RIPRISTINARE_I_FILE.*
3292	fattura_*.js
3293	*_steaveiwalker@india.com_
3294	COMO_ABRIR_ARQUIVOS.txt
3295	*info@kraken.cc_worldcza@email.cz
3296	*.kr3
3297	COMO_RESTAURAR_ARCHIVOS.txt
3298	COMO_RESTAURAR_ARCHIVOS.html
3299	*.ENCR
3300	*.\[File-Help@India.Com\].mails
3301	damage@india.com*
3302	*.tmp.exe
3303	What happen to my files.txt
3304	*.jeepdayz@india.com
3305	*.BarRax
3306	*.damage
3307	*.locked-*
3308	*.jey
3309	*.CRYPTOSHIEL
3310	*.cfk
3311	ASSISTANCE_IN_RECOVERY.txt
3312	#_DECRYPT_ASSISTANCE_#.txt
3313	*.lfk
3314	_HELP_HELP_HELP_*.hta
3315	_HELP_HELP_HELP_*.jpg
3316	BTC_DECRYPT_FILES.txt
3317	*.TheTrumpLockerp
3318	*.TheTrumpLockerf
3319	*.d4nk
3320	*.x3mpro
3321	READ-READ-READ.html
3322	*.weencedufiles
3323	*.jse
3324	*.powned
3325	\[KASISKI\]*
3326	INSTRUCCIONES.txt
3327	@_USE_TO_FIX_*.txt
3328	*.happydayzz
3329	*.hasp
3330	001-READ-FOR-DECRYPT-FILES.html
3331	DECRYPT_INFORMATION.html
3332	Rans0m_N0te_Read_ME.txt
3333	email-vpupkin3@aol.com*
3334	*.hnyear
3335	*.hnumkhotep@india.com.hnumkhotep
3336	*.wowwhereismyfiles
3337	*.decryptional
3338	*.wowreadfordecryp
3339	*.7zipper
3340	*.youransom
3341	*.gui
3342	*.Harzhuangzi
3343	*.encryptedyourfiles
3344	*HERMES
3345	\[amanda_sofost@india.com\].wallet
3346	*.wcry
3347	*.velikasrbija
3348	*.razarac
3349	*.serpent
3350	*.msj
3351	*.szesnl
3352	_DECRYPT_INFO_szesnl.html
3353	000-IF-YOU-WANT-DEC-FILES.html
3354	*.evillock
3355	*.letmetrydecfiles
3356	*.yourransom
3357	*.lambda_l0cked
3358	*.gefickt
3359	*.HakunaMatata
3360	*.CRYPTOSHIELD
3361	*.weareyourfriends
3362	MERRY_I_LOVE_YOU_BRUCE.hta
3363	How decrypt files.hta
3364	unCrypte@outlook.com*
3365	decipher_ne@outlook.com*
3366	*.potato
3367	*.otherinformation
3368	*.vxLock
3369	*.rdmk
3370	*.paytounlock
3371	TRY-READ-ME-TO-DEC.html
3372	EMAIL_*_recipient.zip
3373	*.sage
3374	*garryweber@protonmail.ch
3375	LEER_INMEDIATAMENTE.txt
3376	*.killedXXX
3377	*.doomed
3378	*.sifreli
3379	*.MERRY
3380	000-No-PROBLEM-WE-DEC-FILES.html
3381	*.noproblemwedecfiles
3382	WE-MUST-DEC-FILES.html
3383	*.powerfulldecrypt
3384	*.stn
3385	*bingo@opensourcemail.org
3386	*.id-3044989498_x3m
3387	*.x3m
3388	READ_ME_TO_DECRYPT_YOU_INFORMA.jjj
3389	*.wuciwug
3390	*.kencf
3391	*.file0locked
3392	file0locked.js
3393	CryptoRansomware.exe
3394	*.VBRANSOM
3395	_HELP_Recover_Files_.html
3396	*.oops
3397	*.deria
3398	*.RMCM1
3399	*.Locked-by-Mafia
3400	*.кибер разветвитель
3401	*-filesencrypted.html
3402	decrypt_Globe*.exe
3403	*.hnumkhotep
3404	DecryptFile.txt
3405	*.L0CKED
3406	NFS-e*1025-7152.exe
3407	firstransomware.exe
3408	HELP-ME-ENCED-FILES.html
3409	*.helpmeencedfiles
3410	*EdgeLocker*.exe
3411	*.edgel
3412	*.XBTL
3413	*.firecrypt
3414	YOUR_FILES_ARE_DEAD.hta
3415	*.MRCR1
3416	*.PEGS1
3417	*.RARE1
3418	*.airacropencrypted!
3419	*\[cryptsvc@mail.ru\].*
3420	WHERE-YOUR-FILES.html
3421	*.Whereisyourfiles
3422	*opentoyou@india.com
3423	C-email-*-*.odcodc
3424	*.maktub
3425	*.hush
3426	*.bript
3427	_*_README.hta
3428	_*_README.jpg
3429	HOW_OPEN_FILES.hta
3430	*.gangbang
3431	GJENOPPRETTING_AV_FILER.html
3432	GJENOPPRETTING_AV_FILER.txt
3433	!!! HOW TO DECRYPT FILES !!!.txt
3434	*.braincrypt
3435	INSTRUCTION RESTORE FILE.TXT
3436	*.lesli
3437	Survey Locker.exe
3438	!!!!!ATENÇÃO!!!!!.html
3439	Receipt.exe
3440	WindowsApplication1.exe
3441	HWID Lock.exe
3442	VIP72.exe
3443	DALE_FILES.TXT
3444	*.DALE
3445	*.8637
3446	*.kok
3447	HOW_TO_RESTORE_YOUR_DATA.html
3448	*.paymrts
3449	*.paymds
3450	RESTORE_CORUPTED_FILES.HTML
3451	READ@My.txt
3452	Cyber SpLiTTer Vbs.exe
3453	*.flyper
3454	000-PLEASE-READ-WE-HELP.html
3455	*.helpdecrypt@india.com
3456	*.VforVendetta
3457	popcorn_time.exe
3458	*.filock
3459	*.wallet
3460	*_.rmd
3461	*.uDz2j8mv
3462	OSIRIS-*.htm
3463	DesktopOsiris.htm
3464	*\[cryptservice@inbox.ru\]*
3465	*.no_more_ransom
3466	bahij2@india.com
3467	*.lovewindows
3468	*.osiris
3469	*.R.i.P
3470	Important!.txt
3471	!_HOW_TO_RESTORE_*.txt
3472	HOW_TO_RESTORE_FILES.txt
3473	_README_*.hta
3474	*.Zzzz
3475	*\[lavandos@dr.com\].wallet
3476	*.coin
3477	*.crypted_file
3478	*.EncrypTile
3479	*.hcked
3480	_README_.hta
3481	Runsome.exe
3482	Payment_Advice.mht
3483	lblBitcoinInfoMain.txt
3484	lblFinallyText.txt
3485	lblMain.txt
3486	*.hannah
3487	*.vindows
3488	How to decrypt your files.jpg
3489	How to decrypt your files.txt
3490	How to get data back.txt
3491	*.zycrypt
3492	*.sgood
3493	*.zzzzz
3494	xort.txt
3495	DOSYALARINIZA ULAŞMAK İÇİN AÇINIZ.html
3496	HOWTO_RECOVER_FILES_*.TXT
3497	HELP_RESTORE_FILES_*.TXT
3498	Recovery+*.html
3499	Recovery+*.txt
3500	_H_e_l_p_RECOVER_INSTRUCTIONS+*.png
3501	_H_e_l_p_RECOVER_INSTRUCTIONS+*.html
3502	help_recover_instructions+*.html
3503	help_recover_instructions+*.BMP
3504	_how_recover+*.html
3505	_how_recover+*.txt
3506	ThxForYurTyme.txt
3507	_HOW_TO_Decrypt.bmp
3508	_RECOVER_INSTRUCTIONS.ini
3509	###-READ-FOR-HELLPP.html
3510	rtext.txt
3511	DECRYPTION INSTRUCTIONS.txt
3512	decrypt explanations.html
3513	_WHAT_is.html
3514	_HOWDO_text.html
3515	readme_liesmich_encryptor_raas.txt
3516	_Adatok_visszaallitasahoz_utasitasok.txt
3517	How to restore files.hta
3518	locked.bmp
3519	README_TO_RECURE_YOUR_FILES.txt
3520	Your files encrypted by our friends !!!.txt
3521	ATTENTION.url
3522	@WARNING_FILES_ARE_ENCRYPTED.*.txt
3523	README!!!.txt
3524	# README.hta
3525	!Recovery_*.html
3526	YourID.txt
3527	recover.bmp
3528	recover.txt
3529	README HOW TO DECRYPT YOUR FILES.HTML
3530	READ_IT.txt
3531	*.lock93
3532	*.!emc
3533	*.adk
3534	svchosd.exe
3535	*.aesir
3536	*.CHIP
3537	*.happy
3538	*.angelamerkel
3539	*.razy1337
3540	*.zendr4
3541	*.dharma
3542	*.locked3
3543	*.duhust
3544	*.exploit
3545	*_crypt
3546	*_help_instruct*.*
3547	*!DMAlock*
3548	*.GSupport3
3549	*.rnsmwr
3550	*.dCrypt
3551	ransomed.html
3552	*.Alcatraz
3553	*_WHAT_is.html
3554	readme.hta
3555	*.96e2
3556	*.thor
3557	*.dxxd
3558	*.usr0
3559	*.shit
3560	*.coded
3561	*.raid10
3562	*.realfs0ciety*
3563	*.rip
3564	*.okean*
3565	*.globe
3566	*.nuclear55
3567	*.1txt
3568	*.kostya
3569	*.k0stya
3570	*.comrade
3571	*.exotic
3572	*.fuck
3573	*.Yakes
3574	*.Zimbra
3575	email-salazar_slytherin10@yahoo.com.ver-*.id-*-*.randomname-*
3576	*._AiraCropEncrypted!
3577	README_RECOVER_FILES_*.txt
3578	README_RECOVER_FILES_*.png
3579	README_RECOVER_FILES_*.html
3580	*.~HL*
3581	Sarah_G@ausi.com___*
3582	*.zc3791
3583	*.venusp
3584	*.shino
3585	*.bleepYourFiles
3586	*.crashed
3587	*.amba
3588	*.7h9r
3589	*.已加密
3590	*.암호화됨
3591	*.b5c6
3592	*.ap19
3593	*.a19
3594	_*_HOWDO_text.html
3595	*_HOWDO_text.bmp
3596	*_HOWDO_text.html
3597	*.odin
3598	*.zypto*
3599	zzzzzzzzzzzzzzzzzyyy
3600	zycrypt.*
3601	*decrypt your file*.*
3602	*_nullbyte*
3603	*.bart
3604	*.axx
3605	_H_e_l_p_RECOVER_INSTRUCTIONS+*.txt
3606	HOW-TO-DECRYPT-FILES.HTML
3607	HOW_TO_DECRYPT.HTML
3608	exit.hhr.obleep
3609	UnblockFiles.vbs
3610	README_DECRYPT_HYDRA_ID_*.txt
3611	DECRYPT_Readme.TXT.ReadMe
3612	Decrypt All Files *.bmp
3613	HowDecrypt.gif
3614	HELP_YOURFILES.HTML
3615	HOW TO DECRYPT FILES.HTML
3616	BUYUNLOCKCODE
3617	BitCryptorFileList.txt
3618	*.crjocker
3619	*.POSHKODER
3620	*.hydracrypt_ID_*
3621	*.CTBL2
3622	*.unbrecrypt_ID_*
3623	*.padcrypt
3624	*.rekt
3625	*.CCCRRRPPP
3626	*.SecureCrypte
3627	*.windows10
3628	*.pdcr
3629	*.keybtc@inbox
3630	*.breaking_bad
3631	*.cryptowall
3632	*.xorist
3633	*.crypt1
3634	How_to_decrypt_your_files.jpg
3635	How_to_restore_files.hta
3636	*.cerber3
3637	*.a5zfn
3638	*.purge
3639	*.fantom
3640	*.cerber2
3641	!readme.*
3642	Como descriptografar seus arquivos.txt
3643	*.C0rp0r@c@0Xr@
3644	*.domino
3645	*cerber2
3646	*.cawwcca
3647	how_to_unlock*.*
3648	!Recovery_*.txt
3649	Read_this_file.txt
3650	*.legion
3651	*.encoderpass
3652	*.cryptolocker
3653	*.7z.encrypted
3654	ATTENTION!!!.txt
3655	HELP_DECRYPT.lnk
3656	how to decrypt aes files.lnk
3657	restore_files.txt
3658	HowDecrypt.txt
3659	$RECYCLE.BIN.{*-*-*-*}
3660	*.heisenberg
3661	*.breaking bad
3662	*.razy
3663	*.Venusf
3664	.~
3665	*.payfornature@india.com.crypted
3666	winclwp.jpg
3667	wie_zum_Wiederherstellen_von_Dateien.txt
3668	tox.html
3669	strongcrypt.bmp
3670	qwer2.html
3671	qwer.html
3672	pronk.txt
3673	paycrypt.bmp
3674	maxcrypt.bmp
3675	how_decrypt.gif
3676	how to get data.txt
3677	help_recover_instructions*.txt
3678	help_recover_instructions*.html
3679	help_recover_instructions*.bmp
3680	help-file-decrypt.enc
3681	enigma_encr.txt
3682	enigma.hta
3683	default432643264.jpg
3684	default32643264.bmp
3685	decypt_your_files.html
3686	de_crypt_readme.txt
3687	de_crypt_readme.html
3688	de_crypt_readme.bmp
3689	cryptinfo.txt
3690	crjoker.html
3691	_how_recover*.txt
3692	_how_recover*.html
3693	_Locky_recover_instructions.bmp
3694	_H_e_l_p_RECOVER_INSTRUCTIONS*.txt
3695	_H_e_l_p_RECOVER_INSTRUCTIONS*.png
3696	_H_e_l_p_RECOVER_INSTRUCTIONS*.html
3697	_HELP_instructions.txt
3698	_HELP_instructions.bmp
3699	_DECRYPT_INFO_*.html
3700	Your files encrypted by our friends !!! txt
3701	Your files are locked !.txt
3702	Your files are locked !!.txt
3703	Your files are locked !!!.txt
3704	Your files are locked !!!!.txt
3705	YOUR_FILES_ARE_LOCKED.txt
3706	YOUR_FILES_ARE_ENCRYPTED.TXT
3707	YOUR_FILES_ARE_ENCRYPTED.HTML
3708	YOUGOTHACKED.TXT
3709	UNLOCK_FILES_INSTRUCTIONS.txt
3710	UNLOCK_FILES_INSTRUCTIONS.html
3711	SIFRE_COZME_TALIMATI.html
3712	SHTODELATVAM.txt
3713	Read Me (How Decrypt) !!!!.txt
3714	RESTORE_FILES_*.txt
3715	RESTORE_FILES_*.*
3716	READ_THIS_TO_DECRYPT.html
3717	README_HOW_TO_UNLOCK.TXT
3718	README_HOW_TO_UNLOCK.HTML
3719	README_DECRYPT_UMBRE_ID_*.txt
3720	README_DECRYPT_UMBRE_ID_*.jpg
3721	README_DECRYPT_HYRDA_ID_*.txt
3722	READ ME FOR DECRYPT.txt
3723	READ IF YOU WANT YOUR FILES BACK.html
3724	Payment_Instructions.jpg
3725	ONTSLEUTELINGS_INSTRUCTIES.html
3726	OKSOWATHAPPENDTOYOURFILES.TXT
3727	MENSAGEM.txt
3728	KryptoLocker_README.txt
3729	Instructionaga.txt
3730	ISTRUZIONI_DECRITTAZIONE.html
3731	INSTRUCTIONS_DE_DECRYPTAGE.html
3732	INSTRUCCIONES_DESCIFRADO.html
3733	INSTALL_TOR.URL
3734	IMPORTANT.README
3735	IMPORTANT READ ME.txt
3736	Howto_RESTORE_FILES.html
3737	How to decrypt your data.txt
3738	How to decrypt LeChiffre files.html
3739	Help Decrypt.html
3740	Hacked_Read_me_to_decrypt_files.html
3741	HOW_TO_UNLOCK_FILES_README_*.txt
3742	HOW_TO_RESTORE_FILES.html
3743	HOW_DECRYPT.URL
3744	HOW_DECRYPT.TXT
3745	HOW_DECRYPT.HTML
3746	HOWTO_RECOVER_FILES_*.*
3747	HOW TO DECRYPT FILES.txt
3748	HELP_YOUR_FILES.html
3749	HELP_YOUR_FILES.PNG
3750	HELP_TO_SAVE_FILES.bmp
3751	HELP_RESTORE_FILES_*.*
3752	HELP_DECRYPT.URL
3753	HELP_DECRYPT.PNG
3754	HELP_DECRYPT.HTML
3755	GetYouFiles.txt
3756	File Decrypt Help.html
3757	FILES_BACK.txt
3758	ENTSCHLUSSELN_HINWEISE.html
3759	DecryptAllFiles*.txt
3760	DESIFROVANI_POKYNY.html
3761	DECRYPT_YOUR_FILES.txt
3762	DECRYPT_YOUR_FILES.HTML
3763	DECRYPT_ReadMe1.TXT
3764	DECRYPT_INSTRUCTIONS.html
3765	DECRYPT_INSTRUCTION.URL
3766	DECRYPT_INSTRUCTION.HTML
3767	DECRYPTION_HOWTO.Notepad
3768	Comment débloquer mes fichiers.txt
3769	BUYUNLOCKCODE.txt
3770	AllFilesAreLocked*.bmp
3771	4-14-2016-INFECTION.TXT
3772	*_ryp
3773	*_HELP_instructions.html
3774	*.xcrypt
3775	*.unavailable
3776	*.szf
3777	*.porno.pornoransom
3778	*.plauge17
3779	*.neitrino
3780	*.kimcilware.locked
3781	*.iwanthelpuuu
3782	*.herbst
3783	*.helpdecrypt@ukr.net
3784	*.h3ll
3785	*.gws.porno
3786	*.fuckyourdata
3787	*.encrypted.locked
3788	*.cryptz
3789	*.crypttt
3790	*.cripttt
3791	*.criptokod
3792	*.criptiko
3793	*.btc.kkk.fun.gws
3794	*.aga
3795	*._ryp
3796	*.Where_my_files.txt
3797	*.Read_Me.Txt
3798	*.RSplited
3799	*.KEYZ.KEYH0LES
3800	*.How_To_Get_Back.txt
3801	*.How_To_Decrypt.txt
3802	*.Contact_Here_To_Recover_Your_Files.txt
3803	*.31392E30362E32303136_*
3804	# DECRYPT MY FILES #.vbs
3805	# DECRYPT MY FILES #.txt
3806	# DECRYPT MY FILES #.html
3807	!Where_are_my_files!.html
3808	!!!README!!!*.rtf
3809	!!!-WARNING-!!!.txt
3810	!!!-WARNING-!!!.html
3811	*.magic_software_syndicate
3812	*maestro@pizzacrypts.info
3813	*.crypt
3814	*.bitstak
3815	*.wflx
3816	*.CRRRT
3817	howtodecryptaesfiles.txt
3818	!satana!.txt
3819	*.akaibvn
3820	*.cRh8
3821	*.YTBL
3822	*.krypted
3823	*.tzu
3824	*.6FKR8d
3825	*.sshxkej
3826	*.eclr
3827	*.epic
3828	*.paybtcs
3829	*.AFD
3830	*.paymst
3831	*.payms
3832	*.isis
3833	*.zepto
3834	*.bart.zip
3835	*.kratos
3836	*.31342E30362E32303136*
3837	*.SecureCrypted
3838	*.crptrgr
3839	*.rtyrtyrty
3840	!DMALOCK3.0*
3841	*.evil
3842	*.crypt38
3843	*.asdasdasd
3844	*.ded
3845	*.bloccato
3846	*.canihelpyou
3847	*.crypz
3848	decrypt-instruct*.*
3849	*files_are_encrypted.*
3850	*decryptmyfiles*.*
3851	help_instructions.*
3852	*-recover-*.*
3853	de_crypt_readme.*
3854	*!recover!*.*
3855	*recover}-*.*
3856	*rec0ver*.*
3857	_help_instruct*.*
3858	*_recover_*.*
3859	*+recover+*.*
3860	*warning-!!*.*
3861	*decrypt my file*.*
3862	help_file_*.*
3863	recovery+*.*
3864	readme_for_decrypt*.*
3865	install_tor*.*
3866	readme_decrypt*.*
3867	howtodecrypt*.*
3868	howto_restore*.*
3869	how_to_recover*.*
3870	how_recover*.*
3871	how_to_decrypt*.*
3872	how to decrypt*.*
3873	help_restore*.*
3874	help_your_file*.*
3875	help_recover*.*
3876	help_decrypt*.*
3877	decrypt_instruct*.*
3878	cryptolocker.*
3879	*recover_instruction*.*
3880	*.hydracrypt_ID*
3881	*gmail*.crypt
3882	*.cryptotorlocker*
3883	*.xxx
3884	*.xyz
3885	*.xtbl
3886	*.xort
3887	*.xrtn
3888	*.vvv
3889	*.vscrypt
3890	*.trun
3891	*.ttt
3892	*.surprise
3893	*.troyancoder@qq_com
3894	*.sport
3895	*.scl
3896	*.ryp
3897	*.sanction
3898	*.RRK
3899	*.rokku
3900	*.remind
3901	*.relock@qq_com
3902	*.RDM
3903	*.RADAMANT
3904	*.R5A
3905	*.R4A
3906	*.PoAr2w
3907	*.pizda@qq_com
3908	*.p5tkjw
3909	*.oplata@qq_com
3910	*.oshit
3911	*.oor
3912	*.one-we_can-help_you
3913	*.OMG!
3914	*.nochance
3915	*.nalog@qq_com
3916	*.micro
3917	*.LOL!
3918	*.locky
3919	*.locked
3920	*.LeChiffre
3921	*.kraken
3922	*.korrektor
3923	*.kkk
3924	*.kimcilware
3925	*.KEYZ
3926	*.keybtc@inbox_com
3927	*.KEYHOLES
3928	*.justbtcwillhelpyou
3929	*.infected
3930	*.helpdecrypt@ukr_net
3931	*.hb15
3932	*.ha3
3933	*.gruzin@qq_com
3934	*.gws
3935	*.fun
3936	*.fucked
3937	*.enigma
3938	*.encryptedped
3939	*.encryptedRSA
3940	*.encryptedAES
3941	*.Encrypted
3942	*.encrypt
3943	*.encedRSA
3944	*.EnCiPhErEd
3945	*.dyatel@qq_com
3946	*.czvxce
3947	*.darkness
3948	*.ctbl
3949	*.CrySiS
3950	*.CryptoTorLocker2015!
3951	*.crypted
3952	*.cry
3953	*.crjoker
3954	*.crinf
3955	*.crime
3956	*.coverton
3957	*.code
3958	*.clf
3959	*.chifrator@qq_com
3960	*.cerber
3961	*.cbf
3962	*.btcbtcbtc
3963	*.btc-help-you
3964	*.btc
3965	*.bloc
3966	*.better_call_saul
3967	*.AES256
3968	*.{CRYPTENDBLACKDC}
3969	*.73i87A
3970	*.zzz
3971	*.abc
3972	*.aaa
3973	vault.txt
3974	vault.key
3975	recovery_key.txt
3976	vault.hta
3977	message.txt
3978	recovery_file.txt
3979	confirmation.key
3980	enc_files.txt
3981	last_chance.txt
3982	*.vault
3983	*want your files back.*
3984	*.frtrss
3985	*.exx
3986	*.ezz
3987	*.ecc
3988	*help_restore*.*
3989	*how_to_recover*.*
3990	*restore_fi*.*
3991	*ukr.net*
3992	*qq_com*
3993	*keemail.me*
3994	*decipher*
3995	*install_tor*.*
3996	*@india.com*
3997	*@gmail_com_*
3998	*.*obleep
3999	*.*exx
4000	*.*locked
4001	*.*nochance
4002	*.*kraken
4003	*.*kb15
4004	*.*darkness
4005	*.*crypto
4006	*.*cry
4007	_Locky_recover_instructions.txt
4008	help_recover_instructions+*.txt
4009	recoverfile*.txt
4010	Howto_Restore_FILES.TXT
4011	recoveryfile*.txt
4012	_how_recover.txt
4013	howrecover+*.txt
4014	restorefiles.txt
4015	howto_recover_file.txt
4016	HowtoRESTORE_FILES.txt
4017	RECOVERY_FILE*.txt
4018	RECOVERY_FILES.txt
4019	help_decrypt_your_files.html
4020	HELPDECYPRT_YOUR_FILES.HTML
4021	IHAVEYOURSECRET.KEY
4022	SECRET.KEY
4023	SECRETIDHERE.KEY
4024	READTHISNOW!!!.TXT
4025	IAMREADYTOPAY.TXT
4026	HELLOTHERE.TXT
4027	FILESAREGONE.TXT
4028	DECRYPT_ReadMe.TXT
4029	Read.txt
4030	About_Files.txt
4031	_secret_code.txt
4032	ReadDecryptFilesHere.txt
4033	Coin.Locker.txt
4034	HOW_TO_DECRYPT_FILES.TXT
4035	DECRYPT_INSTRUCTION.TXT
4036	encryptor_raas_readme_liesmich.txt
4037	Help_Decrypt.txt
4038	YOUR_FILES.url
4039	How_To_Recover_Files.txt
4040	YOUR_FILES.HTML
4041	INSTRUCCIONES_DESCIFRADO.TXT
4042	DECRYPT_INSTRUCTIONS.TXT
4043	HELP_TO_SAVE_FILES.txt
4044	DecryptAllFiles.txt
4045	HELP_RECOVER_FILES.txt
4046	HELP_RESTORE_FILES.txt
4047	HELP_TO_DECRYPT_YOUR_FILES.txt
4048	HELP_YOUR_FILES.TXT
4049	HELPDECRYPT.TXT
4050	*.CTB2
4051	*.SUPERCRYPT
4052	*.magic
4053	*.1999
4054	*.toxcrypt
4055	*.bleep
4056	*.0x0
4057	*.good
4058	*.R16M01D05
4059	*.pzdc
4060	*.XRNT
4061	*.crypto
4062	*.ccc
4063	*.da_vinci_code
4064	*.payransom
4065	*.KEYH0LES
4066	oor.*
4067	*.zyklon
4068	*.zcrypt
4069	*.Z81928819
4070	*.Silent
4071	*.RSNSlocked
4072	*.RAD
4073	*.porno
4074	*.pornoransom
4075	*.odcodc
4076	_ryp
4077	*.helpdecrypt@ukr*.net
4078	*.only-we_can-help_you
4079	*.cryp1
4080	*.fileiscryptedhard
4081	*.blocatto
4082	*.8lock8
4083	*.777
